Name,Term,ES,NES,NOM p-val,FDR q-val,FWER p-val,Tag %,Gene %,Lead_genes,celltype,contrast,geneset
prerank,Oxidative Phosphorylation,0.7544526564203958,2.854520358834907,0.0,0.0,0.0,25/41,11.12%,ATP6V1E1;ATP5F1A;CYCS;ATP5F1B;ATP5MC3;LDHB;UQCRH;UQCRB;ATP6V1F;SLC25A3;COX4I1;VDAC1;MDH1;NDUFA4;NDUFA5;SLC25A4;ATP1B1;ISCU;ATP6V1D;NDUFS1;ATP6V1G1;MGST3;GPX4;ATP6V0B;COX7A2L,Inhibitory,region_MCX,hallmark
prerank,mTORC1 Signaling,0.6374859409130976,2.5929557625563953,0.0,0.0,0.0,25/42,20.14%,ELOVL5;HMGCS1;ELOVL6;HSPA5;UBE2D3;SKAP2;SCD;HSP90B1;ATP2A2;CANX;HPRT1;RAB1A;DHCR24;TXNRD1;PGK1;ACSL3;TPI1;PPA1;MLLT11;GOT1;PPIA;GAPDH;QDPR;P4HA1;ENO1,Neuron,interaction_FX,hallmark
prerank,Citric Acid (TCA) Cycle And Respiratory Electron Transport R-HSA-1428517,0.7510623574654617,2.543561794488776,0.0,0.0,0.0,14/24,11.12%,ATP5F1A;CYCS;ATP5F1B;ATP5MC3;LDHB;UQCRH;CCNI;UQCRB;COX4I1;VDAC1;BSG;NDUFA5;NDUFS1;COX7A2L,Inhibitory,region_MCX,reactome
prerank,Oxidative Phosphorylation,0.7124696479237189,2.504810659701921,0.0,0.0,0.0,25/40,15.56%,ATP6V0C;NDUFA4;MDH1;ATP5MC3;UQCRB;LDHB;UQCRH;SLC25A4;ATP5F1B;MGST3;LRPPRC;CYCS;ATP6V1D;VDAC1;ATP6V1C1;ATP6V0B;ATP6V1G1;COX4I1;SUCLA2;ATP6V1F;NDUFA5;POLR2F;SLC25A3;ATP5F1A;GPI,Endothelial,region_FX,hallmark
prerank,Myc Targets V1,0.6890461474086701,2.492311209785732,0.0,0.0,0.0,21/26,27.08%,XPO1;PTGES3;EIF4G2;CANX;HPRT1;AP3S1;SLC25A3;VDAC1;HSP90AB1;VDAC3;PGK1;RAN;YWHAQ;PPIA;YWHAE;NAP1L1;HNRNPA2B1;FAM120A;CUL1;HNRNPA3;EIF1AX,Neuron,interaction_FX,hallmark
prerank,Myc Targets V1,0.7314942132824833,2.468023738449054,0.0,0.0,0.0,20/26,20.48%,YWHAE;EIF1AX;CANX;PPIA;SLC25A3;VDAC1;EIF4G2;HPRT1;HSP90AB1;RAN;HNRNPA3;PTGES3;YWHAQ;PGK1;KPNB1;HNRNPU;FAM120A;SRPK1;NAP1L1;VDAC3,Inhibitory,region_MCX,hallmark
prerank,Iron Uptake And Transport R-HSA-917937,0.7402031495750844,2.4389727997479578,0.0,0.0,0.0,16/24,14.65%,ATP6V1E1;UBC;UBB;SKP1;ATP6V1F;FTH1;ATP6V0E2;ATP6V1B2;ATP6V1D;ATP6V1G1;ATP6V0A1;ATP6V0B;SLC22A17;ATP6V1A;CAND1;FTL,Inhibitory,region_MCX,reactome
prerank,Oxidative Phosphorylation,0.7567991598176036,2.4370914146802005,0.0,0.0,0.0,27/41,13.90%,ATP6V0C;COX4I1;ATP5MC3;NDUFA4;MGST3;ATP6V1D;MTX2;UQCRB;LDHB;COX7A2L;UQCRH;MDH1;ATP5F1A;ATP6V1G1;ATP6V0B;GPX4;LRPPRC;ATP6V1E1;NDUFA5;SLC25A4;ATP6V1F;VDAC1;ATP5F1B;PDP1;GPI;ATP6V1H;SLC25A3,Inhibitory,region_FX,hallmark
prerank,Oxidative Phosphorylation,0.6049145636923182,2.4348861935221273,0.0,0.0,0.0,29/41,22.07%,ATP1B1;CYCS;MTX2;ATP5F1A;SLC25A3;LDHB;VDAC1;ATP5MC3;ATP5F1B;VDAC3;UQCRH;NDUFA4;UQCRB;NDUFA5;ISCU;ATP6V0B;MGST3;SLC25A4;ATP6V1G1;ATP6V1F;MDH1;GPX4;NDUFS1;COX7A2L;ATP6V1C1;COX4I1;ATP6V1H;SUCLA2;PDP1,Neuron,interaction_FX,hallmark
prerank,Oxidative Phosphorylation,0.6487041177593152,2.4345414620458126,0.0,0.0,0.0,32/41,25.49%,ATP5F1A;SLC25A12;LDHB;UQCRB;ATP5F1B;CYCS;COX4I1;NDUFA4;SLC25A3;ATP1B1;NDUFS1;SLC25A4;UQCRH;VDAC1;ATP6V1F;PDP1;ATP5MC3;LRPPRC;ATP6V0B;MDH1;ATP6V1E1;PDHX;ATP6V1G1;MGST3;GPX4;SUCLA2;MTX2;ATP6V1D;NDUFA5;VDAC3;NNT;ISCU,Neuron,region_MCX,hallmark
prerank,Oxidative Phosphorylation,0.6146085828787708,2.4160035449213324,0.0,0.0,0.0,36/41,34.10%,SLC25A12;MTX2;ATP1B1;ISCU;MDH1;ATP5MC3;ATP6V1H;NDUFA5;CYCS;NDUFA4;MGST3;SLC25A4;ATP5F1A;ATP5F1B;COX7A2L;ATP6V1G1;OPA1;ATP6V1F;ATP6V1C1;VDAC3;UQCRH;COX4I1;LDHB;UQCRB;SLC25A3;PDP1;VDAC1;PDHX;NDUFS1;RHOT1;SUCLA2;GPX4;ATP6V0B;NNT;ATP6V1E1;GPI,Neuron,interaction_SC,hallmark
prerank,"Respiratory Electron Transport, ATP Synthesis By Chemiosmotic Coupling, Heat Production By Uncoupling Proteins R-HSA-163200",0.7950699566174131,2.39723511989783,0.0,0.0,0.0,11/16,11.12%,ATP5F1A;CYCS;ATP5F1B;ATP5MC3;UQCRH;CCNI;UQCRB;COX4I1;NDUFA5;NDUFS1;COX7A2L,Inhibitory,region_MCX,reactome
prerank,Oxidative Phosphorylation,0.6711554398423992,2.3773291467925,0.0,0.0,0.0,23/41,13.83%,ATP6V0C;MDH1;NDUFA4;PDP1;ATP5MC3;ATP6V1F;UQCRB;CYCS;COX4I1;UQCRH;SLC25A4;SLC25A3;NDUFA5;LDHB;GPX4;ATP5F1B;ATP6V1G1;COX7A2L;ATP6V1H;ATP5F1A;ISCU;ATP6V1E1;VDAC1,Oligodendrocyte,region_FX,hallmark
prerank,Oxidative Phosphorylation,0.7640314163672195,2.376465048769901,0.0,0.0,0.0,30/41,15.94%,ATP6V0C;MDH1;ATP6V1F;COX4I1;SLC25A4;ATP1B1;ATP6V1E1;ATP6V0B;ATP6V1G1;ATP5MC3;SLC25A3;PDP1;NDUFA4;ISCU;VDAC1;GPX4;LDHB;COX7A2L;ATP5F1B;NDUFA5;UQCRB;ATP5F1A;UQCRH;ATP6V1D;MTX2;CYCS;LRPPRC;SUCLA2;MGST3;NNT,Astrocyte,region_FX,hallmark
prerank,Oxidative Phosphorylation,0.7012670849564594,2.3588591102755485,0.0,0.0,0.0,31/40,20.89%,ATP6V0C;MGST3;ATP5MC3;UQCRB;UQCRH;NDUFA4;MDH1;ATP6V1G1;ATP5F1B;ATP1B1;GPX4;LDHB;CYCS;COX4I1;ATP6V1H;SLC25A3;ATP6V1F;ATP5F1A;SLC25A4;ATP6V1D;POLR2F;VDAC1;ATP6V1E1;LRPPRC;NDUFA5;ISCU;COX7A2L;ATP6V0B;VDAC3;GPI;ATP6V1C1,Pericyte,region_FX,hallmark
prerank,Protein Localization R-HSA-9609507,0.7089659531615641,2.3584131958713455,0.0,0.0,0.0,10/24,7.22%,ATP5F1A;UBC;ATP5F1B;VAPA;CHCHD2;CCNI;UBB;VDAC1;SLC25A4;CHCHD10,Inhibitory,region_MCX,reactome
prerank,MHC Class II Antigen Presentation R-HSA-2132295,0.6819991986872209,2.3563982245289417,0.0,0.0,0.0,20/29,20.34%,CLTA;RAB7A;CANX;DNM1;CTSB;DYNLL2;KIF5A;DYNC1I2;AP2M1;CLTC;SH3GL2;KIF3C;DYNC1H1;KLC1;KIF2A;DYNLL1;DYNC1LI2;KIFAP3;OSBPL1A;KIF3A,Inhibitory,region_MCX,reactome
prerank,Iron Uptake And Transport R-HSA-917937,0.6458098849709523,2.340066068554631,0.0,0.0019435623479932454,0.001,19/24,26.78%,UBB;SLC22A17;ATP6V1A;FTL;ATP6V0B;SKP1;UBC;ATP6V1G1;ATP6V1F;ATP6V1B2;ATP6V0E2;ATP6V1C1;FTH1;CAND1;ATP6V1H;ATP6V0A1;CUL1;ATP6V1E1;TFRC,Neuron,interaction_FX,reactome
prerank,HSF1-dependent Transactivation R-HSA-3371571,0.721451147754488,2.319974954072493,0.0,0.013339155980785266,0.005,6/13,4.69%,HSPA1A;HSPH1;PTGES3;HSP90AA1;HSPA8;HSP90AB1,Excitatory,interaction_FX,reactome
prerank,Adipogenesis,0.5892559031764416,2.3164214295669687,0.0,0.0,0.0,24/36,21.08%,ELOVL6;BCL6;ATP1B3;HIBCH;SNCG;SOD1;MGLL;APLP2;GHITM;UBQLN1;APOE;NDUFA5;RTN3;MGST3;SPARCL1;UBC;G3BP2;PFKFB3;YWHAG;GPX4;CHCHD10;REEP5;QDPR;RNF11,Neuron,interaction_FX,hallmark
prerank,Cellular Response To Heat Stress R-HSA-3371556,0.6640854414754627,2.3122635293569918,0.0,0.0019435623479932454,0.002,15/24,18.51%,HSPA5;HSPH1;HSPA4L;HSPA8;RANBP2;HSP90AA1;PTGES3;UBB;DNAJB6;HSP90AB1;HSPA1A;CRYAB;YWHAE;EEF1A1;HSPA12A,Neuron,interaction_FX,reactome
prerank,Regulation Of HSF1-mediated Heat Shock Response R-HSA-3371453,0.7839381116271473,2.3080558672770595,0.0,0.0012957082319954968,0.002,8/13,6.31%,HSPA5;HSPH1;HSPA4L;HSPA8;RANBP2;UBB;DNAJB6;HSPA1A,Neuron,interaction_FX,reactome
prerank,Neutrophil Degranulation R-HSA-6798695,0.4690290849705795,2.307160246315687,0.0,0.006669577990392633,0.005,19/65,8.46%,FTL;HSPA1A;FTH1;HSP90AA1;CST3;EEF1A1;TIMP2;CYFIP1;CAB39;HSPA8;HSP90AB1;RAP1A;PTPRJ;XRCC5;DYNLL1;CTSB;RAB10;RAB14;ITM2C,Excitatory,interaction_FX,reactome
prerank,Cellular Response To Starvation R-HSA-9711097,0.8265898641500082,2.3057868686277376,0.0,0.0005092076728610282,0.001,9/15,11.09%,FNIP1;ATP6V0C;ATP6V1D;ATP6V1B2;ATP6V1C1;ATP6V0B;ATP6V1G1;ATP6V1F;RHEB,Endothelial,region_FX,reactome
prerank,Amino Acids Regulate mTORC1 R-HSA-9639288,0.8265898641500082,2.3057868686277376,0.0,0.0005092076728610282,0.001,9/15,11.09%,FNIP1;ATP6V0C;ATP6V1D;ATP6V1B2;ATP6V1C1;ATP6V0B;ATP6V1G1;ATP6V1F;RHEB,Endothelial,region_FX,reactome
prerank,Neuronal System R-HSA-112316,0.4802032605832527,2.2356727029436425,0.0,0.0008654036638897289,0.001,74/164,24.31%,KCNH5;SLC6A1;GRIK1;LRFN2;GABBR2;NLGN4X;SNAP25;TSPAN7;CACNB2;CAMK4;GRIN2B;KCND2;NRXN1;IL1RAPL2;KCNA1;KCNJ6;GABRG2;NCALD;SLC1A2;GLRB;GABRG3;KCNK1;SLITRK4;GRIA4;LRRC7;LRRTM4;GRIK4;CACNA1B;RASGRF1;GNG7;CACNG2;GRM5;SYN2;NEFL;KCNA2;IL1RAPL1;NLGN1;GABRA4;GABRB3;ABAT;APBA1;ARHGEF9;KCNB2;GRIK3;GRIA2;PTPRD;CALM1;SYT1;RIMS1;KCNH8;GAD1;SHANK2;GRIN3A;CAMK2A;CACNA1E;GABRA1;KCNAB1;ADCY1;GABRB1;PPM1E;GNB5;GABRA2;PTPRS;DLG1;DLGAP4;PRKAR1B;MAPT;NRG1;KCNC2;NBEA;ADCY8;HSPA8;CACNA1A;ERBB4,Astrocyte,interaction_SC,reactome
prerank,Myc Targets V1,0.767340953002413,2.2350872170107308,0.0,0.0,0.0,20/26,17.55%,PPIA;NAP1L1;HNRNPC;PTGES3;RAN;YWHAE;HSP90AB1;AP3S1;HPRT1;EIF1AX;PGK1;YWHAQ;VDAC1;CANX;SLC25A3;EIF4G2;PSMD1;HNRNPA3;FAM120A;HNRNPU,Inhibitory,region_FX,hallmark
prerank,SARS-CoV Infections R-HSA-9679506,0.5284172292818476,2.210439726842579,0.0,0.001500496487808466,0.001,35/77,21.72%,TRAF3;MGAT5;PTGES3;SH3KBP1;ST6GALNAC3;NR3C1;HSP90AB1;MGAT4A;GPC5;SEC24D;RB1;TAB2;AP2M1;ATP1A2;HSP90AA1;B2M;UBC;VPS41;ST6GAL1;NRP1;SOS1;GALNT1;PDPK1;ISCU;JAK2;PARP8;GJA1;PLCG2;UBB;LARP1;GRB2;ROCK1;MAN2A1;AP2A2;GSK3B,Oligodendrocyte,interaction_FX,reactome
prerank,mTORC1 Signaling,0.5900097696031064,2.208751697524853,0.0,0.0,0.0,21/41,18.05%,TXNRD1;TPI1;CANX;PPIA;GOT1;GAPDH;MLLT11;DHFR;HPRT1;HSP90B1;HSPA5;ATP6V1D;PPA1;ATP2A2;TUBA4A;PGK1;ACSL3;ACTR2;QDPR;SLC2A3;ENO1,Inhibitory,region_MCX,hallmark
prerank,Transmission Across Chemical Synapses R-HSA-112315,0.5064541030903514,2.1960010883462475,0.0,0.0012981054958345934,0.003,52/111,24.31%,SLC6A1;GRIK1;GABBR2;SNAP25;TSPAN7;CACNB2;CAMK4;GRIN2B;KCNJ6;GABRG2;NCALD;SLC1A2;GLRB;GABRG3;GRIA4;LRRC7;GRIK4;CACNA1B;RASGRF1;GNG7;CACNG2;SYN2;NEFL;GABRA4;GABRB3;ABAT;APBA1;ARHGEF9;GRIK3;GRIA2;CALM1;SYT1;RIMS1;GAD1;GRIN3A;CAMK2A;CACNA1E;GABRA1;ADCY1;GABRB1;PPM1E;GNB5;GABRA2;DLG1;PRKAR1B;MAPT;NRG1;NBEA;ADCY8;HSPA8;CACNA1A;ERBB4,Astrocyte,interaction_SC,reactome
prerank,GABA Receptor Activation R-HSA-977443,0.6439107764009245,2.1935971583758485,0.0,0.004756285834585215,0.005,14/23,16.27%,GABRA1;GABRB2;GABRA2;GABRG2;GABBR2;KCNJ3;GABRB1;GABRB3;GABRA4;ADCY8;GABRG3;ADCY2;ADCY1;NPTN,Neuron,interaction_SC,reactome
prerank,Phase 0 - Rapid Depolarisation R-HSA-5576892,0.7236473498895861,2.1856604878327075,0.0,0.014262941521939762,0.006,8/17,10.15%,CAMK2B;SCN1A;SCN8A;CAMK2G;SCN1B;CALM1;CACNG8;CAMK2A,Inhibitory,global_condition,reactome
prerank,MHC Class II Antigen Presentation R-HSA-2132295,0.5798957567857332,2.1824001631876127,0.0,0.007774249391972981,0.015,21/30,25.69%,OSBPL1A;PRICKLE1;KIF5C;DYNC1I2;CANX;KIF3A;CD74;CAPZB;KIFAP3;KIF2A;CLTC;DYNLL2;DYNLL1;AP2M1;CAPZA2;KLC1;CTSB;CLTA;DYNC1LI2;DYNC1H1;KIF3C,Neuron,interaction_FX,reactome
prerank,UV Response Up,0.6535895442057449,2.18230683633225,0.0,0.00040611885745228107,0.001,18/24,23.48%,ENO2;ATP6V1F;OLFM1;EIF5;BSG;SLC25A4;TUBA4A;DNAJA1;AMD1;CNP;PLCL1;SELENOW;IL6ST;HNRNPU;ATP6V1C1;TMBIM6;GLS;CHKA,Inhibitory,region_MCX,hallmark
prerank,HSP90 Chaperone Cycle For Steroid Hormone Receptors (SHR) In Presence Of Ligand R-HSA-3371497,0.6467653446190547,2.1785722061979853,0.0,0.017785541307713686,0.02,9/17,6.65%,HSPA1A;PTGES3;HSP90AA1;CAPZB;DYNC1I2;DNAJA1;HSPA8;HSP90AB1;DYNLL1,Excitatory,interaction_FX,reactome
prerank,Neuronal System R-HSA-112316,0.47669504996016643,2.178530985984945,0.0,0.007913589687983898,0.008,78/164,21.45%,VAMP2;PRKAR2B;TSPAN7;HOMER1;SNAP25;GLRB;STXBP1;KCNAB2;NPTN;SYN1;LRRTM4;SLC17A7;CALM1;NEFL;SYT1;GABRA1;GABRG2;CACNB4;GABRB3;NCALD;PRKAR1B;RAB3A;RIMS1;NRGN;CAMK4;GABRA2;SLITRK4;GRM1;KCNH1;CAMK2B;KCNA2;CAMK2A;GABRB2;GABRA4;SYT7;CACNG3;GABBR2;SLITRK5;CAMKK1;KCNN2;GRM5;CACNA1B;KCNB1;NRXN1;HCN1;KCNH5;IL1RAPL2;KCNJ3;DLGAP2;RTN3;PLCB1;CACNG8;ADCY1;KCNA1;KCNC1;KCNH7;SYN2;DLGAP1;CACNB2;SLC1A2;KCNB2;GNG2;CPLX1;SYN3;KCND2;KCNJ6;GABRG3;GNAL;KCNQ5;ARL6IP5;GRIN2B;PRKAR1A;CACNA1A;GAD2;LIN7A;GRIA1;KCNC2;CAMKK2,Oligodendrocyte,region_FX,reactome
prerank,Uptake And Actions Of Bacterial Toxins R-HSA-5339562,0.7046570392589356,2.1594800357577193,0.002178649237472767,0.010301013321400938,0.009,12/16,24.52%,SYT2;SV2B;VAMP1;CALM1;STX1B;SV2A;SYT1;SNAP25;HSP90AA1;PDCD6IP;MAP2K1;HSP90AB1,Inhibitory,global_condition,reactome
prerank,Protein Localization R-HSA-9609507,0.7418299378746167,2.148745554320797,0.0,0.02077170154109014,0.004,13/24,12.72%,VAMP2;UBB;CHCHD10;VAPA;UBC;MTX2;CHCHD2;ATP5F1A;SLC25A4;VDAC1;ATP5F1B;APP;TOMM20,Inhibitory,region_FX,reactome
prerank,Host Interactions Of HIV Factors R-HSA-162909,0.6028132468698575,2.144070904916374,0.0,0.010883949148762173,0.025,14/25,19.49%,XPO1;PSME4;SEM1;RANBP2;ELMO1;UBB;RAN;SKP1;AP2M1;SLC25A4;UBC;PPIA;PKN2;ATP6V1H,Neuron,interaction_FX,reactome
prerank,MHC Class II Antigen Presentation R-HSA-2132295,0.5997023312051583,2.136167816038211,0.0,0.01003688477469835,0.015,15/29,18.33%,KIF5A;DNM1;CANX;CTSB;AP2M1;KIF3C;DYNC1H1;CAPZA2;CLTC;DYNLL2;AP2A2;KIFAP3;DYNC1LI2;KIF2A;KLC1,Inhibitory,global_condition,reactome
prerank,Neurotransmitter Receptors And Postsynaptic Signal Transmission R-HSA-112314,0.5172603315635079,2.1306734185473144,0.0,0.004327018319448644,0.013,39/80,24.31%,GRIK1;GABBR2;TSPAN7;CAMK4;GRIN2B;KCNJ6;GABRG2;NCALD;GLRB;GABRG3;GRIA4;LRRC7;GRIK4;RASGRF1;GNG7;CACNG2;NEFL;GABRA4;GABRB3;APBA1;ARHGEF9;GRIK3;GRIA2;CALM1;GRIN3A;CAMK2A;GABRA1;ADCY1;GABRB1;PPM1E;GNB5;GABRA2;DLG1;PRKAR1B;MAPT;NRG1;NBEA;ADCY8;ERBB4,Astrocyte,interaction_SC,reactome
prerank,Cellular Response To Heat Stress R-HSA-3371556,0.581671288864719,2.123468940020873,0.005263157894736842,0.02890150462503474,0.04,9/22,8.20%,HSPA1A;HSPH1;PTGES3;HSP90AA1;EEF1A1;HSPA5;HSPA8;HSP90AB1;ATM,Excitatory,interaction_FX,reactome
prerank,Signaling By Insulin Receptor R-HSA-74752,0.6178912574329554,2.1176052173981668,0.0,0.017495899398578457,0.011,13/27,20.06%,ATP6V1H;GAB2;IRS2;ATP6V1F;GRB2;ATP6V1B2;ATP6V1G1;INSR;FGF13;ATP6V1E1;PDE3B;PIK3R1;PIK3C3,Pericyte,global_condition,reactome
prerank,Protein Localization R-HSA-9609507,0.6460709630510448,2.116966169329561,0.0,0.04526068633964025,0.021,12/24,13.86%,ATP5F1A;CCNI;SLC25A12;UBC;ATP5F1B;VAPA;UBB;CHCHD10;SLC25A4;VDAC1;CHCHD3;CHCHD2,Neuron,region_MCX,reactome
prerank,Transmission Across Chemical Synapses R-HSA-112315,0.44750845521678506,2.1158677428364125,0.0,0.012678170241724232,0.02,40/111,16.94%,NRGN;CACNG3;CAMK2B;CAMKK1;SLC38A2;CPLX1;NEFL;GNAL;ABAT;CAMKK2;PRKAR1B;STXBP1;CACNG2;SYN1;GABRG2;AP2M1;GNB1;CAMK2G;CALM1;ADCY1;RAB3A;SLC17A7;TSPAN7;SLC6A1;GAD1;GAD2;NSF;GNB5;CACNG8;PDPK1;CAMK2A;GABRA1;SYT1;KCNJ6;AP2A2;EPB41L1;MAPT;GRIN2B;ARL6IP5;GABRB2,Inhibitory,global_condition,reactome
prerank,Interferon Gamma Response,0.7954727219773222,2.105919731613041,0.0,0.0028566327441528296,0.002,8/16,7.26%,RAPGEF6;SOD2;HIF1A;NAMPT;ARID5B;AUTS2;NFKB1;PELI1,Endothelial,region_SC,hallmark
prerank,Uptake And Actions Of Bacterial Toxins R-HSA-5339562,0.695316685245707,2.105218295074725,0.0,0.011415086003004518,0.024,11/16,21.76%,SYT1;SV2B;VAMP1;MAP2K4;STX1B;SNAP25;SYT2;SV2A;TXNRD1;HSP90AA1;HSP90AB1,Neuron,interaction_SC,reactome
prerank,Nuclear Signaling By ERBB4 R-HSA-1251985,0.7545025018478659,2.098596936241984,0.0,0.013121924548933845,0.016,5/13,4.99%,S100B;TAB2;GFAP;NRG1;APOE,Pericyte,global_condition,reactome
prerank,Estrogen-dependent Gene Expression R-HSA-9018519,0.6192133477161811,2.0955007995137827,0.0,0.03201397435388464,0.055,7/17,11.45%,PTGES3;HSP90AA1;HSP90AB1;DDX5;NCOA2;ERBB4;CREBBP,Excitatory,interaction_FX,reactome
prerank,TNF-alpha Signaling via NF-kB,0.5804919891497355,2.0938692312600513,0.0,0.0004506594207700974,0.001,13/26,22.95%,PTPRE;BCL6;SAT1;IL6ST;EIF1;F3;PFKFB3;TUBB2A;NFAT5;MARCKS;TNC;PDE4B;TSC22D1,Neuron,interaction_FX,hallmark
prerank,Cell Surface Interactions At Vascular Wall R-HSA-202733,0.6524118588728665,2.084978406560577,0.0,0.02896683925736976,0.027,11/23,13.93%,ITGAV;CD74;MAG;PIK3CB;SELENOP;ATP1B3;CD44;ATP1B1;TSPAN7;PPIA;CD99L2,Neuron,region_MCX,reactome
prerank,"Respiratory Electron Transport, ATP Synthesis By Chemiosmotic Coupling, Heat Production By Uncoupling Proteins R-HSA-163200",0.7447833311529373,2.077364841246331,0.0,0.013918343058201438,0.029,11/16,16.71%,ATP5MC3;UQCRB;UQCRH;ATP5F1B;LRPPRC;CYCS;COX4I1;NUBPL;NDUFA5;ATP5F1A;NDUFAF2,Endothelial,region_FX,reactome
prerank,Protein-protein Interactions At Synapses R-HSA-6794362,0.5646588748961404,2.075456160630351,0.0,0.031235089127938164,0.021,19/46,17.90%,PPFIBP1;GRIA3;LRRTM3;SLITRK4;NLGN1;NLGN4X;IL1RAPL2;IL1RAPL1;EPB41L3;GRIN2B;GRIA4;GRM5;LRRTM4;CASK;APBA1;DLGAP1;PTPRD;SLITRK5;DLGAP4,Astrocyte,interaction_FX,reactome
prerank,DARPP-32 Events R-HSA-180024,0.7519702571818414,2.07415291928597,0.00199203187250996,0.02819216326344264,0.047,5/14,6.78%,PPP3R1;PRKAR2B;PPP3CA;CALM1;PRKAR1B,Oligodendrocyte,region_FX,reactome
prerank,Innate Immune System R-HSA-168249,0.4998626800320327,2.0738560218184157,0.0,0.031806667984794285,0.022,64/183,17.05%,PPP3R1;ATP6V0C;EEF1A1;HSP90B1;PPIA;UBB;SCAMP1;CDC42;FTH1;HNRNPC;SKP1;CST3;ATP6V1D;VAPA;SRP14;DYNLL1;UBC;HSP90AB1;S100B;HMGB1;HSP90AA1;B2M;PTPRC;PGRMC1;HSPA8;CLU;XRCC5;ACTG1;PLCG2;ATP6V1G1;DHX36;CD81;HSPA1A;ATP6V0B;TAX1BP1;TUBB;FTL;WASL;ATG5;ATP6V1E1;EEA1;PIK3R1;CALM1;ATP6V1F;ABI1;RAB3A;ADAM10;ATP6V1H;PPP2CB;APP;PELI1;CD47;MAP3K7;TMEM30A;RAB14;ITPR2;HOOK3;CAPZA2;PPP3CA;ATP6AP2;PTPN11;LAMP2;PPP3CB;SEM1,Inhibitory,region_FX,reactome
prerank,Allograft Rejection,0.6599368864173244,2.065720246730926,0.0,0.004951599232725164,0.003,13/20,24.97%,ABI1;FYB1;PTPRC;CD74;EIF4G3;B2M;GALNT1;JAK2;HDAC9;STAT4;PRKCB;HIF1A;SRGN,Oligodendrocyte,interaction_FX,hallmark
prerank,Uptake And Actions Of Bacterial Toxins R-HSA-5339562,0.7126079833939548,2.063431653997113,0.002331002331002331,0.02474250853233667,0.035,11/16,20.34%,SV2C;SYT2;VAMP1;SNAP25;STX1B;TXNRD1;HSP90AA1;HSP90AB1;SV2A;MAP2K4;MAP2K1,Neuron,region_MCX,reactome
prerank,"GABA Synthesis, Release, Reuptake And Degradation R-HSA-888590",0.7455357698099817,2.0595068130437686,0.0,0.02155288941093119,0.046,8/12,11.83%,CPLX1;ABAT;STXBP1;RAB3A;SLC6A1;GAD1;GAD2;SYT1,Inhibitory,global_condition,reactome
prerank,Signaling By Interleukins R-HSA-449147,0.5616925885328542,2.0511034973616606,0.0,0.0242336517979385,0.026,23/75,13.30%,VAMP2;JAK1;HSP90B1;PPIA;UBB;CDC42;SOD1;SKP1;UBC;YWHAZ;S100B;HMGB1;HSP90AA1;HSPA8;HIF1A;HNRNPDL;PIK3R1;BRWD1;CANX;PPP2CB;APP;PELI1;MAP3K7,Inhibitory,region_FX,reactome
prerank,Myc Targets V1,0.6043519068214865,2.04520054772885,0.0,0.0030818079940231604,0.003,21/26,29.39%,EIF4G2;HNRNPA3;CANX;SLC25A3;VDAC1;PGK1;HNRNPA2B1;YWHAE;PPIA;PTGES3;RAN;HSP90AB1;HPRT1;YWHAQ;EIF1AX;HNRNPU;HNRNPC;CUL1;VDAC3;PSMD1;SRPK1,Neuron,region_MCX,hallmark
prerank,SARS-CoV-2 Infection R-HSA-9694516,0.5234053198787769,2.0444040839857696,0.0,0.027759185024456623,0.028,24/52,21.72%,TRAF3;MGAT5;ST6GALNAC3;HSP90AB1;MGAT4A;GPC5;SEC24D;RB1;TAB2;HSP90AA1;B2M;UBC;VPS41;ST6GAL1;NRP1;GALNT1;PDPK1;ISCU;PARP8;GJA1;UBB;LARP1;MAN2A1;GSK3B,Oligodendrocyte,interaction_FX,reactome
prerank,Mitochondrial Protein Import R-HSA-1268020,0.7551609399620396,2.0389721231391538,0.0,0.025798591213594943,0.041,9/12,13.86%,ATP5F1A;CCNI;SLC25A12;ATP5F1B;CHCHD10;SLC25A4;VDAC1;CHCHD3;CHCHD2,Neuron,region_MCX,reactome
prerank,"Unblocking Of NMDA Receptors, Glutamate Binding And Activation R-HSA-438066",0.7835698824690519,2.0381230141388476,0.0018018018018018018,0.03470981499625382,0.025,6/12,5.43%,GRIN2A;NEFL;GRIN2B;CAMK2A;GRIA3;LRRC7,Pericyte,region_MCX,reactome
prerank,Protein Localization R-HSA-9609507,0.7286568043240155,2.0379411562973906,0.0,0.02003814122207462,0.014,13/24,11.83%,VAMP2;TOMM20;SLC25A4;VDAC1;UBB;CHCHD2;ATP5F1B;CHCHD10;HSD17B4;ATP5F1A;PRNP;MTX2;AGPS,Astrocyte,region_FX,reactome
prerank,Downstream Signaling Events Of B Cell Receptor (BCR) R-HSA-1168372,0.7824599700345045,2.0336354485166215,0.0,0.022069932887408276,0.035,10/16,17.05%,PPP3R1;PPIA;UBB;SKP1;UBC;CALM1;MAP3K7;PPP3CA;PPP3CB;SEM1,Inhibitory,region_FX,reactome
prerank,Post-translational Modification: Synthesis Of GPI-anchored Proteins R-HSA-163125,0.7776897813534229,2.0302165190233405,0.0,0.032487554938522546,0.034,8/12,9.09%,CNTN4;MDGA2;LSAMP;OPCML;PIGN;THY1;NEGR1;NTM,Endothelial,global_condition,reactome
prerank,Voltage Gated Potassium Channels R-HSA-1296072,0.6709692192370903,2.0300494354869905,0.0,0.0317085722305681,0.078,7/16,11.36%,KCNC2;KCNH7;KCNA2;KCNB2;KCNA1;KCNH5;KCNAB2,Neuron,interaction_SC,reactome
prerank,Neuronal System R-HSA-112316,0.46799377960089483,2.0259450135948676,0.0,0.017754826536169298,0.037,45/118,15.16%,SLC1A2;NRG1;GABRB2;PPFIA2;CAMK2A;SYN3;RIMS1;NSF;CACNA1A;ARHGEF9;DLG1;APBA2;DLGAP1;NBEA;KCND2;KCNQ5;IL1RAPL2;LRRC7;LRRTM4;SNAP25;CACNB2;KCNAB1;GABRB3;NTRK3;TSPAN7;ADCY1;GABRB1;PTPRD;NRXN1;CACNA2D3;KCNB1;NRXN3;RTN3;NRGN;ERBB4;ADCY2;AP2M1;GNAI1;GABBR2;GRIA2;GABRA1;CAMK2G;GNG2;GLUL;GNAL,Endothelial,global_condition,reactome
prerank,Interferon Gamma Response,0.7710649005361337,2.021147518293095,0.0,0.005375875395925958,0.01,6/16,6.83%,RAPGEF6;SOD2;B2M;CD74;HIF1A;MT2A,Inhibitory,region_FX,hallmark
prerank,TCR Signaling R-HSA-202403,0.6037310048472228,2.020511776731228,0.0,0.027509102276488544,0.04,17/25,28.16%,EVL;FYB1;PAG1;PTPRC;SEM1;TAB2;UBC;PDPK1;ARHGEF7;PLCG2;PIK3CA;PTEN;CUL1;UBB;PKN2;PTPRJ;NFKB1,Oligodendrocyte,interaction_FX,reactome
prerank,CLEC7A (Dectin-1) Signaling R-HSA-5607764,0.7210891858000057,2.0175364893925862,0.0,0.022848871695199155,0.046,11/20,17.05%,PPP3R1;UBB;SKP1;UBC;PLCG2;CALM1;MAP3K7;ITPR2;PPP3CA;PPP3CB;SEM1,Inhibitory,region_FX,reactome
prerank,Negative Regulation Of NMDA Receptor-Mediated Neuronal Transmission R-HSA-9617324,0.8172557600036718,2.0162639705536436,0.0017574692442882249,0.02576940810327935,0.039,5/10,5.43%,GRIN2A;NEFL;GRIN2B;CAMK2A;LRRC7,Pericyte,region_MCX,reactome
prerank,Myc Targets V1,0.7195166514106307,2.016241855635295,0.0,0.0034398579671549045,0.006,15/26,16.75%,PPIA;NAP1L1;RAN;SLC25A3;VDAC1;EIF1AX;HSP90AB1;YWHAE;PGK1;CANX;PSMD1;HNRNPC;YWHAQ;EIF4G2;HPRT1,Astrocyte,region_FX,hallmark
prerank,Potassium Channels R-HSA-1296071,0.7200104658278974,2.0127185296515835,0.001996007984031936,0.04468626002713984,0.037,9/15,13.04%,KCNB1;KCNAB1;KCND2;GABBR2;GNG2;KCNQ5;KCNMA1;KCNJ6;KCNAB2,Endothelial,region_MCX,reactome
prerank,Interferon Gamma Response,0.7560454808718589,2.0102880466738613,0.0,0.016465011849819137,0.011,8/17,10.78%,RAPGEF6;SOD2;CD74;TXNIP;B2M;PELI1;MT2A;IFITM3,Neuron,region_FX,hallmark
prerank,Cellular Response To Starvation R-HSA-9711097,0.7866655430892785,2.003595827784388,0.0,0.014413399826404551,0.031,7/16,4.07%,FNIP1;ATP6V0C;ATP6V1B2;ATP6V1F;ATP6V1E1;ATP6V0B;ATP6V1G1,Astrocyte,region_FX,reactome
prerank,Amino Acids Regulate mTORC1 R-HSA-9639288,0.7866655430892785,2.003595827784388,0.0,0.014413399826404551,0.031,7/16,4.07%,FNIP1;ATP6V0C;ATP6V1B2;ATP6V1F;ATP6V1E1;ATP6V0B;ATP6V1G1,Astrocyte,region_FX,reactome
prerank,Protein Localization R-HSA-9609507,0.5736644450623305,2.001419006236754,0.0,0.029251157882699073,0.093,20/24,36.88%,SLC25A12;MTX2;UBE2D3;UBB;SLC25A4;CHCHD10;ATP5F1A;ATP5F1B;HSD17B4;CHCHD2;GDAP1;PRNP;VDAC1;TOMM20;USP9X;CCNI;UBC;CHCHD3;LONP2;APP,Neuron,interaction_SC,reactome
prerank,Unfolded Protein Response,0.7805811804819496,2.000635085177611,0.004073319755600814,0.004729516688437458,0.007,5/11,5.15%,HSPA5;EXOC2;CNOT4;TTC37;HSP90B1,Inhibitory,interaction_FX,hallmark
prerank,Cellular Response To Heat Stress R-HSA-3371556,0.6098271021439001,1.9831382913698825,0.0,0.0341362950976426,0.066,15/24,21.72%,HSPH1;HSPA4L;PTGES3;HSPA8;HSPA5;HSP90AB1;CAMK2D;HSPA1A;HSP90AA1;ATM;CAMK2G;EEF1A1;DNAJB6;UBB;GSK3B,Oligodendrocyte,interaction_FX,reactome
prerank,Mitochondrial Protein Import R-HSA-1268020,0.8072683465608311,1.982277486548627,0.0,0.014237626657789862,0.041,8/12,11.33%,TOMM20;SLC25A4;VDAC1;CHCHD2;ATP5F1B;CHCHD10;ATP5F1A;MTX2,Astrocyte,region_FX,reactome
prerank,Xenobiotic Metabolism,0.729988113059607,1.9807271421440948,0.0,0.005241478511027809,0.013,8/19,6.83%,PTGDS;APOE;ID2;PTGES3;PGRMC1;ARPP19;HPRT1;MT2A,Inhibitory,region_FX,hallmark
prerank,Transmission Across Chemical Synapses R-HSA-112315,0.46576563042431895,1.9776826905637008,0.0,0.04352474328391144,0.146,51/111,20.43%,VAMP2;PRKAR2B;TSPAN7;SNAP25;GLRB;STXBP1;NPTN;SYN1;SLC17A7;CALM1;NEFL;SYT1;GABRA1;GABRG2;CACNB4;GABRB3;NCALD;PRKAR1B;RAB3A;RIMS1;NRGN;CAMK4;GABRA2;CAMK2B;CAMK2A;GABRB2;GABRA4;CACNG3;GABBR2;CAMKK1;CACNA1B;KCNJ3;PLCB1;CACNG8;ADCY1;SYN2;CACNB2;SLC1A2;GNG2;CPLX1;SYN3;KCNJ6;GABRG3;GNAL;ARL6IP5;GRIN2B;PRKAR1A;CACNA1A;GAD2;LIN7A;GRIA1,Oligodendrocyte,region_FX,reactome
prerank,Glycolysis,0.6313884198822177,1.9764103100049695,0.0,0.004193182808822247,0.013,17/36,15.12%,PPIA;SOD1;STMN1;HS2ST1;MDH1;TPI1;ARPP19;HSPA5;PGK1;ENO1;DCN;MXI1;PPP2CB;FUT8;VCAN;PLOD2;PDK3,Inhibitory,region_FX,hallmark
prerank,Assembly And Cell Surface Presentation Of NMDA Receptors R-HSA-9609736,0.7657339687695779,1.9740218904105087,0.0017889087656529517,0.03260618984496571,0.068,5/12,5.43%,GRIN2A;NEFL;GRIN2B;CAMK2A;LRRC7,Pericyte,region_MCX,reactome
prerank,Myc Targets V1,0.6407719905038626,1.97161880986574,0.0,0.0028493718430255147,0.004,15/26,18.78%,NAP1L1;PPIA;HNRNPC;YWHAE;SLC25A3;YWHAQ;VDAC1;EIF4G2;PGK1;RAN;EIF1AX;AP3S1;HSP90AB1;VDAC3;CANX,Pericyte,region_FX,hallmark
prerank,Serotonin Neurotransmitter Release Cycle R-HSA-181429,0.7608716806418784,1.9712507985985936,0.0019646365422396855,0.03973281489175249,0.157,10/12,17.25%,VAMP2;SNAP25;STXBP1;SYN1;SYT1;RAB3A;RIMS1;SYN2;CPLX1;SYN3,Oligodendrocyte,region_FX,reactome
prerank,Cellular Response To Starvation R-HSA-9711097,0.7537982546744055,1.9660821594030056,0.003616636528028933,0.04555826444706868,0.086,4/15,5.62%,FNIP1;ATP6V0C;FNIP2;ATP6V1C1,Endothelial,region_SC,reactome
prerank,Amino Acids Regulate mTORC1 R-HSA-9639288,0.7537982546744055,1.9660821594030056,0.003616636528028933,0.04555826444706868,0.086,4/15,5.62%,FNIP1;ATP6V0C;FNIP2;ATP6V1C1,Endothelial,region_SC,reactome
prerank,Nuclear Envelope (NE) Reassembly R-HSA-2995410,0.7728439138380611,1.9655069320355403,0.0015723270440251573,0.01750700759402309,0.059,10/15,12.41%,TUBB3;TUBA4A;RAN;TUBA1B;TUBB4A;TUBB;TUBB2A;TNPO1;PPP2R1A;TUBB4B,Astrocyte,region_FX,reactome
prerank,G Alpha (12/13) Signaling Events R-HSA-416482,0.5794623909633976,1.9636507283156839,0.0,0.03661211430252657,0.088,20/28,31.79%,ARHGEF4;ABR;FGD4;GNG7;AKAP13;SOS1;VAV3;ARHGEF7;ARHGEF11;GNB5;TRIO;ROCK1;ARHGEF12;TIAM1;GNG2;PREX1;MCF2L;GNB1;TIAM2;ROCK2,Oligodendrocyte,interaction_FX,reactome
prerank,Neuronal System R-HSA-112316,0.5844069991028471,1.9612861789584752,0.0,0.008128744566097431,0.008,80/164,20.13%,PRKAR2B;STXBP1;KCNAB2;CAMKK1;RIMS1;GABRG2;GABRB3;GABRA1;KCNJ6;GABBR2;SYT7;SLITRK4;SYN3;HOMER1;GABRB2;KCNQ5;CPLX1;KCNN2;SNAP25;TSPAN7;SYN1;KCNB1;GABRB1;CAMK2B;KCNA2;NRXN1;CACNB2;SLC1A2;CACNG3;LIN7A;LRRTM4;CACNA1B;SYT1;KCNJ3;PRKAR1B;SLC17A7;GABRA4;LRFN2;NRGN;NEFL;CACNG8;KCNB2;DLGAP2;CACNA1E;GABRA2;GRM1;GLRB;CACNG2;HCN1;KCNC1;ARHGEF9;NCALD;GABRG3;GRM5;KCNH7;KCND2;MAPK1;GNAL;GRIN2B;SLC38A1;VAMP2;RAB3A;GRIA1;CAMK4;KCNA1;ADCY1;GRIA2;NLGN4X;KCNK1;PRKAA2;NPTN;PLCB1;KCNMA1;CACNA1A;GAD2;KCNH5;IL1RAPL2;PRKAR1A;KCNH1;NRG1,Oligodendrocyte,region_MCX,reactome
prerank,Oxidative Phosphorylation,0.6187584945825723,1.9582232710999947,0.0016666666666666668,0.017961831108893603,0.024,26/41,23.73%,ATP6V0C;GPI;LRPPRC;UQCRB;MTX2;COX4I1;LDHB;ATP6V1D;NDUFA4;ATP5F1A;ATP5MC3;MDH1;MGST3;UQCRH;ATP6V1G1;ATP1B1;PDP1;NDUFA5;SLC25A3;SUCLA2;GPX4;ATP6V1E1;VDAC1;SLC25A4;ATP6V0B;ATP5F1B,Neuron,region_FX,hallmark
prerank,Phase 0 - Rapid Depolarisation R-HSA-5576892,0.6809872575846116,1.9557799659870818,0.0,0.04126371765877319,0.184,13/17,22.81%,SCN2A;SCN8A;CALM1;CAMK2B;CAMK2A;FGF12;CACNG8;SCN1A;CACNB2;SCN3A;SCN3B;SCN1B;FGF14,Oligodendrocyte,region_FX,reactome
prerank,Glycolysis,0.5921385995626853,1.9556626577683762,0.0,0.003799162457367353,0.008,16/36,24.81%,SOD1;PPIA;STMN1;MDH1;ARPP19;TPI1;DCN;HS2ST1;ENO1;PGK1;UGP2;ENO2;VCAN;FUT8;GOT1;PLOD2,Pericyte,region_FX,hallmark
prerank,GABA Receptor Activation R-HSA-977443,0.7217373136726343,1.946823844783139,0.0,0.0046896603265946715,0.009,15/23,17.59%,GABRG2;GABRB3;GABRA1;KCNJ6;GABBR2;GABRB2;GABRB1;KCNJ3;GABRA4;GABRA2;ARHGEF9;GABRG3;GNAL;ADCY1;NPTN,Oligodendrocyte,region_MCX,reactome
prerank,Protein-protein Interactions At Synapses R-HSA-6794362,0.5623605973107628,1.9453121839657164,0.0,0.037076393291452944,0.102,13/36,10.79%,GRIN2A;LRRTM3;PPFIA2;DLGAP4;GRIN2B;NRXN3;SYT1;IL1RAPL1;GRIA3;APBA2;STXBP1;GRM5;PPFIBP1,Pericyte,region_MCX,reactome
prerank,Transmission Across Chemical Synapses R-HSA-112315,0.5926864092907884,1.9448969164001872,0.0,0.003334869565578433,0.01,54/111,20.13%,PRKAR2B;STXBP1;CAMKK1;RIMS1;GABRG2;GABRB3;GABRA1;KCNJ6;GABBR2;SYN3;GABRB2;CPLX1;SNAP25;TSPAN7;SYN1;GABRB1;CAMK2B;CACNB2;SLC1A2;CACNG3;LIN7A;CACNA1B;SYT1;KCNJ3;PRKAR1B;SLC17A7;GABRA4;NRGN;NEFL;CACNG8;CACNA1E;GABRA2;GLRB;CACNG2;ARHGEF9;NCALD;GABRG3;MAPK1;GNAL;GRIN2B;SLC38A1;VAMP2;RAB3A;GRIA1;CAMK4;ADCY1;GRIA2;PRKAA2;NPTN;PLCB1;CACNA1A;GAD2;PRKAR1A;NRG1,Oligodendrocyte,region_MCX,reactome
prerank,Neuronal System R-HSA-112316,0.3840312164636351,1.9428038506052467,0.0,0.04699210404570193,0.165,61/164,19.29%,KCNC2;HCN1;KCNH7;GABRA1;GABRB2;GABRA2;KCNN2;SYT1;GABRG2;EPB41L3;GABBR2;KCNJ3;NRG1;KCNA2;GABRB1;KCNB2;DLGAP2;KCNA1;GABRB3;GRIN3A;NEFL;PRKAR2B;RASGRF2;GLRB;GABRA4;HOMER1;IL1RAPL2;KCNH5;CACNG3;RASGRF1;NRXN3;CAMK4;CACNB2;CACNA2D1;CPLX1;STXBP1;KCNAB2;PRKCB;GRIA1;SLC38A1;GAD2;RTN3;ADCY8;GABRG3;HSPA8;SYN1;GRIN2B;ADCY2;PPM1E;ADCY1;LRRTM3;SNAP25;EPB41L1;LIN7A;NPTN;SYN2;SYN3;SYT2;GRIN2A;RAB3A;PPFIA2,Neuron,interaction_SC,reactome
prerank,GABA Receptor Activation R-HSA-977443,0.6743116294284314,1.9406715274085287,0.0,0.038028068183851974,0.104,11/16,15.16%,GABRB2;ARHGEF9;GABRB3;ADCY1;GABRB1;ADCY2;GNAI1;GABBR2;GABRA1;GNG2;GNAL,Endothelial,global_condition,reactome
prerank,Glycolysis,0.565870165463442,1.938410510848075,0.005639097744360902,0.012776551270609235,0.017,15/35,16.63%,MDH1;SOD1;HS2ST1;PPIA;STMN1;ENO1;UGP2;PLOD2;ARPP19;DCN;TPI1;IRS2;PGK1;HOMER1;HSPA5,Endothelial,region_FX,hallmark
prerank,Glycolysis,0.5382959965315889,1.9359191921917678,0.0,0.0058481115473128465,0.018,15/36,13.55%,ARPP19;TPI1;ENO2;IRS2;PKM;PPIA;GOT1;SOD1;MDH1;HSPA5;PGAM1;UGP2;PPP2CB;PGK1;KIF2A,Inhibitory,region_MCX,hallmark
prerank,Long-term Potentiation R-HSA-9620244,0.7257293166475739,1.9275822363246653,0.0017921146953405018,0.03681344014754193,0.119,9/13,19.86%,GRIN2A;NEFL;GRIN2B;CAMK2A;LRRC7;NRG1;NRGN;GRIA2;CALM1,Pericyte,region_MCX,reactome
prerank,Transmission Across Chemical Synapses R-HSA-112315,0.4639550003437322,1.9074623731034788,0.0,0.04608699654069478,0.165,33/84,16.00%,SLC1A2;NRG1;GABRB2;PPFIA2;CAMK2A;SYN3;RIMS1;NSF;CACNA1A;ARHGEF9;DLG1;NBEA;LRRC7;SNAP25;CACNB2;GABRB3;TSPAN7;ADCY1;GABRB1;CACNA2D3;NRGN;ERBB4;ADCY2;AP2M1;GNAI1;GABBR2;GRIA2;GABRA1;CAMK2G;GNG2;GLUL;GNAL;GRIN2B,Endothelial,global_condition,reactome
prerank,Adipogenesis,0.5335231320310717,1.9070438320349958,0.0,0.015066616859668784,0.022,21/36,25.12%,ABCA1;SPARCL1;LIFR;ATP1B3;BCL6;UBC;CHCHD10;GHITM;PHLDB1;G3BP2;MGST3;SOD1;APLP2;REEP5;GPX4;YWHAG;APOE;NDUFA5;PPM1B;UBQLN1;ENPP2,Neuron,region_MCX,hallmark
prerank,UV Response Up,0.6450280018707742,1.8993714746895334,0.0018083182640144665,0.006054915166429219,0.017,15/24,21.53%,SOD2;IL6ST;OLFM1;ATP6V1F;TMBIM6;SLC25A4;EIF5;CCK;PTPRD;TFRC;AMD1;ENO2;SELENOW;ATP6V1C1;TUBA4A,Pericyte,region_FX,hallmark
prerank,Metabolism Of Vitamins And Cofactors R-HSA-196854,0.5889511933139079,1.8912002780860198,0.0018315018315018315,0.04472705238047755,0.191,8/22,10.53%,NMNAT2;APOE;GPC6;SLC2A3;NAMPT;HLCS;DHFR;PCCA,Endothelial,global_condition,reactome
prerank,Apoptosis,0.5755766080989814,1.8894254105667507,0.0,0.005413806501748478,0.019,11/33,15.22%,PPP3R1;SOD2;SOD1;IFITM3;GPX4;CLU;FEZ1;DCN;TIMP3;PAK1;TXNIP,Pericyte,region_FX,hallmark
prerank,Oxidative Phosphorylation,0.5331738946090581,1.8879187460290647,0.0017006802721088435,0.02714262214179964,0.021,21/40,21.53%,ATP1B1;ATP6V1H;GPX4;ATP5MC3;VDAC3;ATP6V1G1;CYCS;SLC25A3;MGST3;PDP1;ATP6V1C1;LRPPRC;ATP6V1F;ATP6V1D;VDAC1;RHOT1;NDUFA4;UQCRH;MDH1;ISCU;ATP5F1B,Pericyte,region_MCX,hallmark
prerank,Hypoxia,0.578324782495732,1.8839410591868833,0.001841620626151013,0.018568112836993392,0.025,17/40,17.87%,HSPA5;TPD52;SLC2A3;RBPJ;DTNA;P4HA1;NDRG1;ZNF292;BCL2;PDK3;UGP2;BNIP3L;GBE1;ENO1;GPI;WSB1;PFKFB3,Endothelial,region_SC,hallmark
prerank,Epithelial Mesenchymal Transition,0.5852396586297599,1.8831289840908516,0.0,0.04132736156351791,0.028,18/40,23.13%,PFN2;MGP;FBN1;VCAN;COL11A1;TIMP3;SLIT3;APLP1;CD44;SGCD;DST;CADM1;EDIL3;VIM;CDH11;TPM1;CAP2;ID2,Pericyte,region_SC,hallmark
prerank,Myc Targets V1,0.6593621955882498,1.8811118039120802,0.010221465076660987,0.027441686416365223,0.053,18/26,24.51%,HNRNPC;NAP1L1;PPIA;YWHAE;HSP90AB1;CANX;HNRNPA3;AP3S1;EIF1AX;PSMD1;HNRNPA2B1;PTGES3;PGK1;RAN;YWHAQ;SLC25A3;VDAC1;HNRNPU,Neuron,region_FX,hallmark
prerank,Phase 0 - Rapid Depolarisation R-HSA-5576892,0.729027237337853,1.8797668040520632,0.0,0.012349438860032634,0.057,13/17,21.99%,CACNA1C;SCN8A;CAMK2B;CACNB2;SCN2A;CACNG8;FGF14;SCN3B;SCN1A;FGF12;SCN3A;SCN1B;CALM1,Oligodendrocyte,region_MCX,reactome
prerank,Serotonin Neurotransmitter Release Cycle R-HSA-181429,0.796143675555766,1.8793791097986035,0.0,0.010004608696735298,0.058,9/12,14.71%,STXBP1;RIMS1;SYN3;CPLX1;SNAP25;SYN1;SYT1;VAMP2;RAB3A,Oligodendrocyte,region_MCX,reactome
prerank,UV Response Up,0.5968437839617807,1.8768678454999261,0.005791505791505791,0.03576968701523862,0.049,7/25,8.10%,SOD2;OLFM1;TUBA4A;ATP6V1F;CCK;ENO2;SLC25A4,Oligodendrocyte,region_FX,hallmark
prerank,UV Response Up,0.5869445241740336,1.8761845005795579,0.0,0.030039597651449635,0.022,18/24,31.52%,ATP6V1F;EIF5;PTPRD;OLFM1;TFRC;BSG;CNP;CCK;ENO2;TMBIM6;AMD1;IL6ST;ATP6V1C1;SELENOW;PLCL1;SLC25A4;SOD2;DNAJA1,Pericyte,global_condition,hallmark
prerank,Oxidative Phosphorylation,0.38290906608493863,1.8706052394197012,0.0,0.02734375,0.007,35/36,55.85%,SLC25A4;ATP5F1A;LRPPRC;MDH1;ATP6V1H;VDAC3;OPA1;ATP5F1B;NDUFA4;GPX4;LDHB;GPI;ATP6V0C;ATP6V1G1;ATP6V1F;SLC25A12;UQCRB;PDP1;CYCS;ISCU;SLC25A3;ATP6V1D;ATP6V0B;NDUFA5;ATP6V1C1;MGST3;NDUFS1;UQCRH;ATP1B1;COX7A2L;ATP6V1E1;RHOT1;SUCLA2;COX4I1;VDAC1,Excitatory,region_MCX,hallmark
prerank,Interferon Gamma Response,0.7107222358968952,1.8689402303441585,0.0,0.026364006514657982,0.035,8/17,18.82%,RAPGEF6;SOD2;CD74;ST3GAL5;JAK2;IFITM3;PDE4B;AUTS2,Pericyte,region_SC,hallmark
prerank,Oxidative Phosphorylation,0.5323046725715499,1.8355696846439518,0.004219409282700422,0.04281782036904883,0.08,23/41,23.75%,ATP6V0C;NDUFA4;MDH1;ATP5MC3;CYCS;ATP6V1F;PDP1;GPX4;MAOB;NDUFA5;ATP6V1E1;COX4I1;UQCRB;ATP6V1H;SLC25A12;SLC25A3;ATP5F1A;LDHB;ATP5F1B;ISCU;ATP6V1G1;VDAC1;COX7A2L,Oligodendrocyte,region_SC,hallmark
prerank,KRAS Signaling Up,0.5029774932130039,1.8301988859694627,0.0018281535648994515,0.035039693402682724,0.069,8/44,3.80%,PEG3;TSPAN7;SPARCL1;NAP1L2;SCG3;SNAP25;CPE;PCSK1N,Oligodendrocyte,region_FX,hallmark
prerank,Pperoxisome,0.6902240782327999,1.8265425001230016,0.006993006993006993,0.030470749270963517,0.059,7/15,13.92%,SOD2;ACSL1;YWHAH;HSD17B4;ACSL4;ALDH1A1;CADM1,Endothelial,region_SC,hallmark
prerank,Oxidative Phosphorylation,0.5249448831918652,1.822098906688697,0.0,0.03880718954248366,0.04,13/40,9.33%,ATP6V1C1;ATP6V1D;ATP5MC3;PDHX;SUCLA2;ATP6V1G1;VDAC1;ATP5F1B;SLC25A4;LDHB;MGST3;SLC25A3;VDAC3,Endothelial,region_MCX,hallmark
prerank,TNF-alpha Signaling via NF-kB,0.6186422415335987,1.8111260108844067,0.005338078291814947,0.02678093197643278,0.069,9/25,9.93%,SOD2;NAMPT;SLC2A3;SGK1;DENND5A;ABCA1;NFKB1;ATP2B1;IL6ST,Endothelial,region_SC,hallmark
prerank,TNF-alpha Signaling via NF-kB,0.5357581890410534,1.7580732188789188,0.007263922518159807,0.043145311916324244,0.078,16/26,34.37%,IL6ST;ABCA1;CD44;BCL6;TNC;SOD2;TSC22D1;NFE2L2;NFKB1;EIF1;SLC2A3;PDLIM5;SGK1;ATP2B1;MARCKS;ID2,Neuron,region_MCX,hallmark
prerank,Glycolysis,0.5468555719661068,1.7385192195119452,0.006779661016949152,0.04742010355293698,0.148,13/35,14.48%,PLOD2;HSPA5;HS2ST1;ME1;P4HA1;ZNF292;PDK3;MDH1;SLC25A13;UGP2;HOMER1;STMN1;ENO1,Endothelial,region_SC,hallmark
prerank,Bile Acid Metabolism,0.5627731879732666,1.7384963215427482,0.01240694789081886,0.04109077325364214,0.091,8/19,17.66%,ALDH1A1;ABCA1;ABCA6;ACSL1;ABCA8;CYP7B1;SLCO1A2;SOD1,Neuron,region_MCX,hallmark
prerank,Unfolded Protein Response,0.7492424731112415,1.7298275661813278,0.010752688172043012,0.04987794052374612,0.153,7/11,16.99%,EIF4A2;HSP90B1;DDX10;YWHAZ;TUBB2A;HSPA5;CNOT2,Astrocyte,region_FX,hallmark
prerank,E2F Targets,-0.611340171912534,-1.592588208788933,0.015873015873015872,0.042506159227952686,0.337,5/12,10.51%,TUBB;NAP1L1;TFRC;RAN;PRKDC,Pericyte,interaction_SC,hallmark
prerank,Adipogenesis,-0.46659037839295303,-1.6050065944893372,0.00859106529209622,0.04187302754006172,0.312,16/36,23.81%,UBC;ATP1B3;SNCG;GBE1;APOE;SOD1;APLP2;UBQLN1;MGST3;SPARCL1;ENPP2;GPX4;G3BP2;RNF11;GHITM;ABCA1,Pericyte,interaction_SC,hallmark
prerank,Apoptosis,-0.47082714843937523,-1.605345030491747,0.011513157894736841,0.04486158620667992,0.31,20/33,34.24%,PAK1;TIMP3;ANKH;IFITM3;BNIP3L;SOD1;SOD2;DNAJA1;DNM1L;GPX4;DPYD;CLU;SAT1;CYLD;CD44;CTNNB1;PSEN1;APP;PEA15;GSN,Pericyte,interaction_SC,hallmark
prerank,Coagulation,-0.5536356866523674,-1.6212967204273598,0.025951557093425604,0.0436896838036125,0.286,8/17,19.46%,FBN1;TIMP3;CTSB;F3;SPARC;RAC1;ITGA2;CLU,Pericyte,interaction_SC,hallmark
prerank,Xenobiotic Metabolism,-0.5851822414685375,-1.6452161980385025,0.017271157167530225,0.04740010721207373,0.207,6/18,15.60%,APOE;MT2A;ATP2A2;ARPP19;MAN1A1;PGRMC1,Endothelial,interaction_SC,hallmark
prerank,IL-2/STAT5 Signaling,-0.47241851321391887,-1.6660473310218864,0.00794912559618442,0.031728531177263264,0.199,23/42,27.21%,SLC2A3;NDRG1;HIPK2;TIAM1;IFITM3;NCS1;GABARAPL1;FAM126B;CD81;POU2F1;ALCAM;GPX4;SNX14;CYFIP1;RABGAP1L;CDC42SE2;HUWE1;SH3BGRL2;SNX9;PRNP;NRP1;CD44;SPP1,Pericyte,interaction_SC,hallmark
prerank,Interferon Gamma Response,-0.5703845008788081,-1.6803520011947386,0.017509727626459144,0.032680908620758245,0.143,8/17,20.26%,RAPGEF6;IFITM3;MT2A;CD74;B2M;SOD2;PDE4B;NAMPT,Pericyte,interaction_MCX,hallmark
prerank,Xenobiotic Metabolism,-0.5583731456200214,-1.6906172560495494,0.01364522417153996,0.033571583279185614,0.127,8/19,16.74%,PINK1;TMBIM6;MT2A;MAN1A1;ARPP19;PGRMC1;ID2;TGFB2,Pericyte,interaction_MCX,hallmark
prerank,TNF-alpha Signaling via NF-kB,-0.530436118175224,-1.703275207309746,0.0065040650406504065,0.04366602687140115,0.143,11/25,16.39%,NFE2L2;IRS2;ABCA1;EIF1;NAMPT;F3;SLC2A3;MARCKS;BCL6;SOD2;NFKB1,Endothelial,interaction_FX,hallmark
prerank,p53 Pathway,-0.45283979640002386,-1.7096695483514646,0.005763688760806916,0.049797254037134524,0.11,16/32,26.71%,ZNF365;RB1;HSPA4L;SAT1;APP;HINT1;ZMAT3;LDHB;ISCU;CDH13;TSC22D1;ZFP36L1;CD81;BAIAP2;PRMT2;PTPRE,Neuron,global_condition,hallmark
prerank,Inflammatory Response,-0.5465435298020729,-1.7155610840322884,0.018832391713747645,0.036481752754601623,0.159,9/21,17.02%,LPAR1;PDE4B;NAMPT;HIF1A;ITGB8;SLC4A4;SLC1A2;ATP2A2;ABI1,Pericyte,interaction_FX,hallmark
prerank,Reactive Oxygen Species Pathway,-0.6838175586193591,-1.715994853678641,0.009433962264150943,0.03194096351991089,0.103,6/10,14.82%,GPX4;SOD1;TXNRD1;PRNP;SOD2;FTL,Pericyte,interaction_MCX,hallmark
prerank,Glycolysis,-0.4581737364480936,-1.7238827387056264,0.008456659619450317,0.03359171178235888,0.122,18/36,21.23%,ARPP19;PKM;ENO2;GOT1;IRS2;TPI1;MDH1;PGAM1;DCN;HSPA5;GALK2;STMN1;ENO1;KIF2A;MXI1;PGK1;PPP2CB;SOD1,Inhibitory,interaction_MCX,hallmark
prerank,Phase 0 - Rapid Depolarisation R-HSA-5576892,-0.7466173443383631,-1.7281106717044457,0.001256281407035176,0.03237982028654047,0.238,12/17,14.81%,SCN8A;CACNB2;CAMK2B;SCN2A;CACNA1C;SCN3B;CALM1;CACNG8;FGF12;SCN1B;FGF14;CAMK2A,Oligodendrocyte,interaction_MCX,reactome
prerank,Transmission Across Chemical Synapses R-HSA-112315,-0.5857530120251286,-1.7351490787129913,0.0,0.031575627151694624,0.215,49/111,16.54%,PRKAR2B;STXBP1;CAMKK1;GABRA1;GABBR2;GABRB2;SYN3;VAMP2;GABRG2;GABRA4;GABRB3;CACNB2;KCNJ6;RAB3A;CAMK2B;GABRA2;SYN1;PRKAR1B;TSPAN7;CPLX1;GABRB1;CAMK4;KCNJ3;CACNA1B;GRIN2B;SNAP25;GLRB;SLC17A7;SYT1;NRGN;GABRG3;GAD2;AP2A2;CACNA1E;NEFL;CALM1;CACNG8;GNAL;LIN7A;NRG1;NPTN;RIMS1;CAMK2A;CACNG3;EPB41L1;CACNG2;ADCY1;GRIA3;GRIA1,Oligodendrocyte,interaction_MCX,reactome
prerank,Sensory Processing Of Sound By Inner Hair Cells Of Cochlea R-HSA-9662360,-0.688110160659786,-1.740495874633677,0.0011723329425556857,0.03172333609482957,0.195,14/25,16.44%,SPTAN1;VAMP2;BSN;CACNB2;RAB3A;ATP2B1;SYN1;SNAP25;CACNA1D;PCLO;SYP;EPB41L1;CABP1;KCNMA1,Oligodendrocyte,interaction_MCX,reactome
prerank,Neuronal System R-HSA-112316,-0.5819724033764926,-1.7450927729651762,0.0,0.033510993047642317,0.179,68/164,16.54%,PRKAR2B;STXBP1;CAMKK1;GABRA1;GABBR2;GABRB2;SYN3;SLITRK4;VAMP2;GABRG2;KCNN2;GABRA4;IL1RAPL2;KCNAB2;GABRB3;CACNB2;KCNC1;KCNJ6;KCNB2;RAB3A;KCNB1;CAMK2B;GABRA2;KCNQ5;SYN1;PRKAR1B;SYT7;TSPAN7;CPLX1;LRFN2;KCNH7;KCNA2;GABRB1;CAMK4;KCNJ3;CACNA1B;GRIN2B;SNAP25;GLRB;SLC17A7;SYT1;DLGAP4;NRGN;HCN1;GRM1;GABRG3;DLGAP2;GAD2;AP2A2;CACNA1E;NEFL;CALM1;CACNG8;GRM5;GNAL;LIN7A;NRG1;NPTN;RIMS1;CAMK2A;CACNG3;KCND2;EPB41L1;CACNG2;ADCY1;GRIA3;KCNMA1;GRIA1,Oligodendrocyte,interaction_MCX,reactome
prerank,Myc Targets V1,-0.528723711849393,-1.7552056717533868,0.00539568345323741,0.03114875910239263,0.117,16/26,29.20%,KPNB1;PSMD1;YWHAE;RAN;SLC25A3;PGK1;NAP1L1;VDAC3;EIF4G2;HNRNPA3;CUL1;FAM120A;EIF1AX;CANX;PPIA;HNRNPU,Pericyte,interaction_FX,hallmark
prerank,UV Response Up,-0.580439165220517,-1.7569980291985403,0.0016638935108153079,0.017907950776698458,0.076,11/24,18.35%,ATP6V1C1;NTRK3;SOD2;OLFM1;SLC25A4;TFRC;AMD1;CNP;ATP6V1F;TUBA4A;ENO2,Endothelial,interaction_SC,hallmark
prerank,Cholesterol Homeostasis,-0.6272162340819938,-1.7586297166854994,0.0020876826722338203,0.029578536288482015,0.074,6/14,11.49%,CLU;HMGCS1;PDK3;ACTG1;CTNNB1;FDFT1,Oligodendrocyte,global_condition,hallmark
prerank,GABA Receptor Activation R-HSA-977443,-0.7136373828062702,-1.767062046770616,0.0012048192771084338,0.028378296644142677,0.135,13/23,12.61%,GABRA1;GABBR2;GABRB2;GABRG2;GABRA4;GABRB3;KCNJ6;GABRA2;GABRB1;KCNJ3;GABRG3;GNAL;NPTN,Oligodendrocyte,interaction_MCX,reactome
prerank,p53 Pathway,-0.487629986730256,-1.7718539339474788,0.004424778761061947,0.025255990710440195,0.08,9/30,11.87%,TSC22D1;ZMAT3;CYFIP2;HINT1;CDK5R1;FBXW7;ABAT;LDHB;ISCU,Inhibitory,interaction_MCX,hallmark
prerank,UV Response Up,-0.5687549966433317,-1.8082924492542598,0.006122448979591836,0.017265385686438317,0.047,14/24,20.70%,TMBIM6;TFRC;ATP6V1F;ABCB1;CCK;BSG;DNAJA1;EIF5;SOD2;AMD1;TUBA4A;SELENOW;SLC25A4;HNRNPU,Pericyte,interaction_MCX,hallmark
prerank,Fatty Acid Metabolism,-0.5094855884825107,-1.8115255535011803,0.0,0.027886462260795337,0.053,9/27,14.27%,ELOVL5;HIBCH;HSPH1;HMGCS1;HSP90AA1;ACSL4;YWHAH;HSD17B4;MDH1,Neuron,global_condition,hallmark
prerank,mTORC1 Signaling,-0.46626471093298405,-1.817234588361737,0.002127659574468085,0.017766283120447587,0.047,19/41,19.69%,GOT1;TXNRD1;TPI1;HSP90B1;CANX;GAPDH;ATP6V1D;ACTR2;HSPA5;QDPR;TUBA4A;SKAP2;ELOVL6;DHFR;HPRT1;SCD;ENO1;HMGCS1;PGK1,Inhibitory,interaction_MCX,hallmark
prerank,Inflammatory Response,-0.5583188850248193,-1.8225004532350262,0.004434589800443459,0.03583009079118028,0.051,5/23,2.68%,NAMPT;ABCA1;HIF1A;SLC4A4;ITGB8,Oligodendrocyte,interaction_SC,hallmark
prerank,Xenobiotic Metabolism,-0.6054436773856315,-1.8270236392456112,0.0020325203252032522,0.01917127352031242,0.039,7/19,11.72%,PTGES3;CYFIP2;ELOVL5;PDLIM5;TPST1;MT2A;APOE,Oligodendrocyte,global_condition,hallmark
prerank,Protein Secretion,-0.50908521532509,-1.8289960867947297,0.0,0.018224573780129334,0.038,19/36,26.49%,RAB2A;PAM;ARF1;AP3S1;RAB14;ATP6V1H;EGFR;SOD1;ICA1;SGMS1;ADAM10;AP2M1;GNAS;CLCN3;ATP1A1;CLTA;BNIP3;SCAMP1;STX7,Pericyte,interaction_MCX,hallmark
prerank,Long-term Potentiation R-HSA-9620244,-0.646716714906365,-1.829329567291479,0.0032733224222585926,0.048165761676932116,0.294,11/16,22.02%,NRG1;GRIA1;LRRC7;ERBB4;CAMK2A;CAMK2D;GRIA2;DLG1;GRIN2B;NRGN;CAMK2G,Endothelial,interaction_FX,reactome
prerank,Oxidative Phosphorylation,-0.4161767361159078,-1.8316215910919103,0.0044444444444444444,0.032682705401724924,0.062,19/36,27.28%,NDUFS1;PDP1;SLC25A3;ATP6V1D;CYCS;ATP6V1G1;ATP6V1F;ISCU;ATP6V1C1;ATP1B1;GPX4;SLC25A4;VDAC1;UQCRH;COX7A2L;ATP6V1E1;ATP5MC3;ATP5F1B;VDAC3,Excitatory,region_FX,hallmark
prerank,Cilium Assembly R-HSA-5617833,-0.4808703686128383,-1.834591041657971,0.00425531914893617,0.04087696189076402,0.423,17/40,11.62%,TUBB4A;YWHAG;TUBB4B;TTBK2;DYNLL1;HSP90AA1;YWHAE;CEP290;DYNC1H1;KIFAP3;KIF3C;PPP2R1A;DYNLRB1;AKAP9;DYNLL2;DYNC1I2;TUBA4A,Inhibitory,interaction_MCX,reactome
prerank,Myogenesis,-0.4993052307555465,-1.8402446492972437,0.0,0.021301415022569357,0.032,21/42,26.70%,SORBS1;PKIA;DTNA;SGCD;IGFBP7;CLU;NAV2;CNN3;CRYAB;EIF4A2;ABLIM1;ACTN2;ACSL1;NCAM1;ADCY9;SPARC;RB1;TAGLN;GABARAPL2;PDE4DIP;WWTR1,Oligodendrocyte,global_condition,hallmark
prerank,Nuclear Signaling By ERBB4 R-HSA-1251985,-0.6792687167728404,-1.8439006572647754,0.001694915254237288,0.04309614074680575,0.251,6/13,18.07%,GFAP;NRG1;APOE;ERBB4;SPARC;S100B,Endothelial,interaction_FX,reactome
prerank,Activation Of BH3-only Proteins R-HSA-114452,-0.6195408751859881,-1.8441405801555903,0.0020325203252032522,0.03855894618519594,0.398,8/15,13.62%,YWHAB;YWHAG;DYNLL1;YWHAH;YWHAE;DYNLL2;YWHAQ;YWHAZ,Inhibitory,interaction_MCX,reactome
prerank,Hypoxia,-0.5097189904356123,-1.846181081571203,0.0035971223021582736,0.014837271511368702,0.05,17/40,13.50%,MT2A;SLC2A3;ENO1;AKAP12;EGFR;GBE1;GAPDH;UGP2;IRS2;TPI1;PGK1;MXI1;BNIP3L;WSB1;HK1;PRKCA;IDS,Pericyte,interaction_FX,hallmark
prerank,Infectious Disease R-HSA-5663205,-0.3615637934604092,-1.85141093490885,0.0,0.03702585817228477,0.384,56/186,17.69%,SYT2;YWHAB;VAMP1;SV2B;CALM1;AHCYL1;TXNRD1;YWHAG;RAB7A;WASL;ADCY1;DYNLL1;HSP90AA1;SKP1;CHGA;CYFIP2;YWHAH;YWHAE;MAP1LC3B;STX1B;XRCC5;GNB1;DYNC1H1;ATP1B1;CANX;AP2M1;SLC25A4;UBC;JAK1;GNAS;SRPK1;GNB5;ACTR2;HSP90AB1;DYNLL2;DYNC1I2;KPNA3;ISCU;MAP2K1;PRKAR1B;YWHAQ;YWHAZ;PLCG2;VPS41;RAN;DYNC1LI2;KPNA5;PTGES3;PTPN11;SNAP25;ROCK2;CLTC;SV2A;CLTA;ENO1;SYT1,Inhibitory,interaction_MCX,reactome
prerank,Cellular Response To Starvation R-HSA-9711097,-0.6559730814722188,-1.8522988585449671,0.0,0.04276553437136626,0.232,8/15,19.63%,ATP6V1C1;ATP6V1G1;ATP6V1F;ATP6V1A;ATP6V0B;ATP6V1E1;ATP6V1B2;ATP6V1D,Endothelial,interaction_FX,reactome
prerank,Amino Acids Regulate mTORC1 R-HSA-9639288,-0.6559730814722188,-1.8522988585449671,0.0,0.04276553437136626,0.232,8/15,19.63%,ATP6V1C1;ATP6V1G1;ATP6V1F;ATP6V1A;ATP6V0B;ATP6V1E1;ATP6V1B2;ATP6V1D,Endothelial,interaction_FX,reactome
prerank,TNF-alpha Signaling via NF-kB,-0.5967844321572753,-1.8572185901231342,0.0,0.03827751196172249,0.031,14/26,23.73%,ABCA1;NFE2L2;NAMPT;BCL6;SGK1;PFKFB3;SLC2A3;TNC;PDLIM5;CD44;IRS2;DENND5A;PDE4B;ID2,Neuron,interaction_SC,hallmark
prerank,Glycolysis,-0.5430904343761855,-1.8574453019311439,0.0,0.013995521433141395,0.025,15/35,19.39%,ENO1;PLOD2;TPI1;UGP2;ARPP19;HS2ST1;PKM;IRS2;MXI1;PGAM1;EGFR;MDH1;DCN;SOD1;PGK1,Endothelial,interaction_FX,hallmark
prerank,Apoptosis,-0.5120076759217473,-1.8576506521383858,0.0,0.012192547239522853,0.027,18/32,25.45%,NEFH;ENO2;ADD1;PAK1;TIMP2;DCN;FEZ1;GPX4;CYLD;DNAJA1;ANKH;BNIP3L;CTNNB1;SOD1;PEA15;CLU;APP;GSN,Inhibitory,interaction_MCX,hallmark
prerank,Estrogen Response Early,-0.5005931236129784,-1.864629004122052,0.002197802197802198,0.024648780240401687,0.024,23/45,26.23%,CD44;INPP5F;NAV2;RHOBTB3;ELOVL5;GJA1;MAST4;FARP1;FDFT1;ABLIM1;ITPK1;LRIG1;MPPED2;NCOR2;IL6ST;RAB31;AFF1;MAPT;KAZN;ADCY9;TIAM1;CHPT1;NRIP1,Oligodendrocyte,global_condition,hallmark
prerank,Oxidative Phosphorylation,-0.5144067833819221,-1.8657496621984246,0.0017543859649122807,0.013909942041908159,0.037,15/40,14.66%,ATP6V1G1;ATP5F1B;ATP6V1H;LRPPRC;ATP6V1E1;ATP5MC3;SLC25A3;SLC25A4;CYCS;ATP6V1F;MGST3;UQCRH;VDAC3;GPX4;NDUFA4,Pericyte,interaction_FX,hallmark
prerank,Inflammatory Response,-0.6223468601523902,-1.875910169262081,0.0034482758620689655,0.00626778277184446,0.024,8/23,8.93%,NAMPT;HIF1A;NFKB1;SCN1B;ATP2A2;ABCA1;F3;LPAR1,Endothelial,interaction_SC,hallmark
prerank,UV Response Up,-0.5833019274345994,-1.8796370112575906,0.0,0.014266607222469906,0.028,14/24,20.14%,EIF5;SLC25A4;NTRK3;BSG;ATP6V1F;IL6ST;TMBIM6;SOD2;PTPRD;AMD1;CNP;OLFM1;TFRC;SELENOW,Pericyte,interaction_FX,hallmark
prerank,Intrinsic Pathway For Apoptosis R-HSA-109606,-0.6170844755661565,-1.8847772439537638,0.002105263157894737,0.02686899640912071,0.29,9/17,13.62%,YWHAB;YWHAG;CYCS;DYNLL1;YWHAH;YWHAE;DYNLL2;YWHAQ;YWHAZ,Inhibitory,interaction_MCX,reactome
prerank,Immune System R-HSA-168256,-0.34542764202336557,-1.8871214848712767,0.0,0.027354925067583528,0.286,126/323,26.41%,ANAPC5;TOLLIP;ATP6V0E2;PKM;YWHAB;CALM1;RAB3A;AHCYL1;HSPA8;PDXK;RAB7A;DNM1;IRS2;CAMK2G;KIF5A;TUBB4B;FTH1;WASL;DYNLL1;HSP90AA1;SKP1;RAB14;CHGA;CYFIP2;HSP90B1;ATP6V1E1;MGST1;PAG1;KCNAB2;RNF220;CTSB;TIMP2;XRCC5;CEP290;ATP6V1F;RAPGEF1;PTPN13;DYNC1H1;CANX;AP2M1;PIK3R1;EIF4A2;FBXW7;DHX36;KIFAP3;UBC;JAK1;CLSTN1;ATP6V1D;CAMK2B;KIF3C;FBXL7;PPP2R1A;HECTD1;ACTR2;HSPA5;HSP90AB1;ATP6V0B;SIRPA;ATP6V1B2;DYNLL2;DYNC1I2;EIF4G2;KPNA3;MAP2K1;FBXO21;FTL;CYLD;ATP6V0A1;PPP3CA;ANO6;SRP14;UBE2E3;YWHAZ;PLCG2;PPP3CB;DYNC1LI2;KPNA5;FBXL20;KLC1;PTPN11;CAPZA2;RNF19A;SNAP25;CLTC;MAPKAP1;FBXW11;CLTA;OSBPL1A;KIF2A;AP2A2;ATP6V1C1;ABL2;PAFAH1B2;ATP6V1A;PPP2CB;CTNNB1;IL6ST;CAND1;LMO7;UBE2V2;KPNA1;SOD1;CAMK2A;TUBB;PJA2;PGRMC1;ACTG1;TMEM30A;SCAMP1;RNF130;VPS35L;VAPA;WIPF2;ATP6AP2;CLU;APP;MAPK1;PDPK1;MT2A;GSN;HIF1A;ITPR1;TRIM2;KIF3A;ATP6V1G1,Inhibitory,interaction_MCX,reactome
prerank,Citric Acid (TCA) Cycle And Respiratory Electron Transport R-HSA-1428517,-0.5380183759204813,-1.888337791857254,0.0,0.04245018688943193,0.269,13/24,21.69%,NDUFA5;NDUFS1;ATP5MC3;UQCRB;CYCS;VDAC1;LDHB;ATP5F1B;COX4I1;ATP5F1A;PDK3;UQCRH;BSG,Neuron,global_condition,reactome
prerank,G2/M Checkpoints R-HSA-69481,-0.6091031205472783,-1.8890284207367976,0.004987531172069825,0.04458285178100627,0.269,11/17,18.95%,PSME4;SEM1;UBB;YWHAH;UBC;YWHAB;YWHAZ;YWHAE;YWHAG;YWHAQ;UBE2V2,Neuron,global_condition,reactome
prerank,Metabolism Of RNA R-HSA-8953854,-0.4498058798563969,-1.8925931357252124,0.0,0.04555891269699135,0.264,25/60,19.15%,PAPOLA;XPO1;PSME4;SEM1;UBB;RANBP2;CPSF6;CCNH;CD44;HSPA8;CWC27;HSPA1A;SRSF5;EIF4A2;COLEC12;RNPC3;UBC;ELAVL2;YWHAB;HNRNPA2B1;YWHAZ;U2SURP;RAN;DDX5;ZFP36L1,Neuron,global_condition,reactome
prerank,Iron Uptake And Transport R-HSA-917937,-0.5420385274727064,-1.892728675372479,0.0,0.048238848737990836,0.264,19/24,37.49%,UBB;UBC;FTL;ATP6V1G1;ATP6V1H;ATP6V1F;FTH1;ATP6V1B2;SKP1;SLC22A17;ATP6V1E1;ATP6V0B;ATP6V1C1;STEAP2;ATP6V0E2;ATP6V1A;TF;ATP6V1D;CAND1,Neuron,global_condition,reactome
prerank,UV Response Up,-0.4969704761828118,-1.9006418224478614,0.0,0.02587380844303223,0.038,14/22,26.20%,DNAJA1;SELENOW;ENO2;EIF5;BSG;CCK;OLFM1;ATP6V1F;ATP6V1C1;SLC25A4;TUBA4A;AMD1;TMBIM6;NPTXR,Excitatory,region_FX,hallmark
prerank,Protein-protein Interactions At Synapses R-HSA-6794362,-0.5490082808796147,-1.910540085379909,0.0,0.02783492386764736,0.137,22/37,24.37%,DLGAP1;IL1RAPL2;PPFIA2;NTRK3;GRIA1;NRXN1;LRRTM4;APBA2;LIN7A;PTPRD;RTN3;LRRTM3;DLG1;EPB41L3;DLGAP2;GRM5;NLGN1;GRIN2B;EPB41L1;SYT1;GRIA4;CASK,Endothelial,interaction_FX,reactome
prerank,Signaling By B Cell Receptor (BCR) R-HSA-983705,-0.5284462350989422,-1.917372324097947,0.0,0.04040003581806732,0.218,12/28,18.54%,RASGRP3;PSME4;SEM1;UBB;PPIA;MAP3K7;UBC;PLCG2;AHCYL1;CALM1;PIK3R1;SKP1,Neuron,global_condition,reactome
prerank,Interferon Gamma Response,-0.6949763390805195,-1.9220766507985043,0.0,0.00313389138592223,0.01,8/16,10.81%,NAMPT;HIF1A;MT2A;RAPGEF6;ARID5B;NFKB1;SOD2;IFITM3,Endothelial,interaction_SC,hallmark
prerank,Glycolysis,-0.5896636203368766,-1.9322370110392793,0.0,0.0035256278091625086,0.009,15/35,12.68%,ENO1;PLOD2;UGP2;PGK1;ME1;IRS2;TPI1;SLC25A13;PKM;HSPA5;ARPP19;HS2ST1;P4HA1;PDK3;ZNF292,Endothelial,interaction_SC,hallmark
prerank,mTORC1 Signaling,-0.44891389338262966,-1.9539908608165455,0.004694835680751174,0.0265546981389015,0.026,11/30,18.98%,DHFR;TXNRD1;DHCR24;ATP2A2;MLLT11;ATP6V1D;TPI1;GOT1;ACSL3;ACTR2;TUBA4A,Excitatory,region_FX,hallmark
prerank,Ca-dependent Events R-HSA-111996,-0.6755706974349585,-1.9573453062144104,0.002105263157894737,0.026247103881980233,0.111,8/18,10.25%,CAMK2A;CAMK2B;MAPK1;CAMKK2;PRKAR1A;ADCY1;PDE1C;PRKAR2B,Endothelial,region_SC,reactome
prerank,Transmission Across Chemical Synapses R-HSA-112315,-0.474100281177311,-1.957455684776637,0.0,0.029527991867227765,0.111,25/84,7.94%,CAMK2A;PDPK1;CAMK2B;GABRA1;NEFL;NRGN;GABBR2;GRIA1;SYN2;NSF;SNAP25;MAPK1;CAMKK2;GRIN2B;SLC6A1;LIN7A;CACNA2D3;GRIN2A;MAPT;PRKAR1A;ADCY1;GABRB1;PRKAA2;GABRB3;AP2M1,Endothelial,region_SC,reactome
prerank,Transcriptional Regulation Of White Adipocyte Differentiation R-HSA-381340,-0.6690305649700937,-1.9589226835967386,0.002232142857142857,0.025171712520624688,0.104,10/18,19.50%,NCOR2;TBL1X;FAM120B;ZNF638;EBF1;SREBF2;NCOR1;CREBBP;CDK8;NCOA2,Pericyte,region_FX,reactome
prerank,Myc Targets V1,-0.5695571645635326,-1.9610014584492188,0.0,0.006967169851155917,0.012,17/26,19.69%,EIF1AX;PSMD1;YWHAE;CANX;SRPK1;HSP90AB1;EIF4G2;VDAC1;SLC25A3;YWHAQ;HNRNPU;RAN;PTGES3;HPRT1;HNRNPA3;FAM120A;PGK1,Inhibitory,interaction_MCX,hallmark
prerank,"Unblocking Of NMDA Receptors, Glutamate Binding And Activation R-HSA-438066",-0.7261387601318969,-1.9643526893068401,0.0,0.031717811716866044,0.104,6/14,4.23%,CAMK2A;CAMK2B;NEFL;GRIA1;GRIN2B;GRIN2A,Endothelial,region_SC,reactome
prerank,Neutrophil Degranulation R-HSA-6798695,-0.4599432207837251,-1.9662891072693558,0.0,0.03756522487564687,0.085,35/85,22.52%,HMGB1;HSP90AA1;DYNLL1;PTPRC;HSP90AB1;HSPA1A;CTSB;PDXK;CHI3L1;FTH1;CD44;RAB14;LAMP2;SNAP25;ATP6V0A1;TIMP2;ANO6;PGRMC1;NFASC;ITM2C;ATP8B4;RAB7A;RAB10;ATP11A;VAPA;FTL;HSPA8;ITGAV;PADI2;ATP6AP2;RAB31;LRRC7;CAB39;TUBB;KPNB1,Astrocyte,global_condition,reactome
prerank,Myc Targets V1,-0.4716779373796851,-1.9837111044429179,0.0,0.042896050839763965,0.021,17/25,32.90%,EIF4G2;EIF1AX;SLC25A3;HSP90AB1;NAP1L1;YWHAQ;VDAC1;KPNB1;AP3S1;VDAC3;RAN;HPRT1;HNRNPA3;PTGES3;PPIA;YWHAE;CANX,Excitatory,region_FX,hallmark
prerank,TNF-alpha Signaling via NF-kB,-0.595016797028797,-1.9875427078155476,0.0,0.00912917786681544,0.005,15/26,23.21%,CD44;F3;SOD2;BCL6;IRS2;PTPRE;PDLIM5;SAT1;MARCKS;IL6ST;PFKFB3;ABCA1;TNC;NFAT5;EIF1,Oligodendrocyte,global_condition,hallmark
prerank,UV Response Up,-0.604472491215206,-2.0047029163239958,0.0021141649048625794,0.01228551121941314,0.011,16/24,24.73%,ATP6V1F;ATP6V1C1;SLC25A4;TUBA4A;CNP;BSG;TMBIM6;SOD2;DNAJA1;CCK;TFRC;CHKA;PTPRD;ABCB1;AMD1;NTRK3,Endothelial,interaction_MCX,hallmark
prerank,Chromatin Modifying Enzymes R-HSA-3247509,-0.565454257014171,-2.00797881510835,0.0016611295681063123,0.0359513962725763,0.024,22/53,16.37%,ARID2;SETD2;KMT2E;NCOR1;ASH1L;PADI2;ARID4B;KDM5A;GATAD2B;KAT6A;PBRM1;TBL1X;NSD1;JAK2;CREBBP;EPC1;NSD2;BRWD1;ARID1B;EHMT1;KDM2A;MECOM,Neuron,interaction_MCX,reactome
prerank,HDACs Deacetylate Histones R-HSA-3214815,-0.8078346943460696,-2.0084720747430946,0.0,0.0147730325006715,0.053,7/10,13.50%,HDAC8;NCOR2;TBL1X;GATAD2B;PHF21A;NCOR1;MTA3,Pericyte,region_FX,reactome
prerank,Chromatin Modifying Enzymes R-HSA-3247509,-0.5332752105910197,-2.015068863516035,0.0,0.018418326234603433,0.049,31/52,29.72%,HDAC8;NCOR2;TBL1X;ASH1L;NSD1;SETD2;KDM2A;KMT2A;EHMT1;KAT6A;GATAD2B;PHF21A;NCOR1;NSD3;KANSL1;MTA3;ARID1A;CREBBP;USP22;KMT2C;EPC1;NCOA2;ARID1B;ARID5B;NSD2;ARID2;YEATS2;PBRM1;KAT6B;UTY;ARID4B,Pericyte,region_FX,reactome
prerank,Adipogenesis,-0.5402842766599717,-2.0526580823515355,0.0,0.002489862701856726,0.004,20/36,22.71%,HIBCH;BCL6;ELOVL6;APOE;SOD1;SPARCL1;LIFR;MAP4K3;SNCG;NDUFA5;UBC;UBQLN1;CHCHD10;GHITM;YWHAG;MGST3;RTN3;RNF11;QDPR;ATP1B3,Neuron,global_condition,hallmark
prerank,G Alpha (12/13) Signaling Events R-HSA-416482,-0.6316314448942923,-2.0556259264509427,0.0,0.04206774460049569,0.048,16/28,26.20%,ARHGEF11;MCF2L;KALRN;RASGRF2;ARHGEF7;ITSN1;ROCK1;SOS1;ARHGEF12;ABR;ARHGEF3;TIAM2;AKAP13;TRIO;ARHGEF4;NGEF,Neuron,region_FX,reactome
prerank,Oxidative Phosphorylation,-0.5802637339375174,-2.0726750185186535,0.0,0.0,0.0,26/40,27.68%,ATP6V1C1;SLC25A4;CYCS;ATP6V1G1;ATP6V1F;NNT;LDHB;ATP6V0B;ATP5F1B;ATP6V1E1;SLC25A3;MDH1;ATP5MC3;SLC25A12;SUCLA2;ATP6V1D;LRPPRC;UQCRH;NDUFA4;VDAC3;MGST3;RHOT1;GPI;GPX4;PDHX;COX4I1,Endothelial,interaction_FX,hallmark
prerank,Response To Elevated Platelet Cytosolic Ca2+ R-HSA-76005,-0.5959500278471084,-2.0769781827198592,0.0,0.011648131744386626,0.021,12/30,13.84%,SOD1;APP;HSPA5;ACTN1;TMSB4X;LAMP2;CLU;SCG3;PRKCA;PRKCB;SRGN;F13A1,Astrocyte,global_condition,reactome
prerank,Negative Regulation Of NMDA Receptor-Mediated Neuronal Transmission R-HSA-9617324,-0.7394261391239207,-2.0803902838351136,0.0,0.04107322367426096,0.027,8/13,21.12%,DLG1;CAMK2G;CAMK4;ACTN2;CAMK2B;CAMK2D;NEFL;CALM1,Inhibitory,interaction_FX,reactome
prerank,Post NMDA Receptor Activation Events R-HSA-438064,-0.577141898425522,-2.0902935753886416,0.0,0.00691975012013455,0.027,23/34,23.46%,GRIN2A;PRKAR2B;CAMK2A;CAMKK2;ADCY1;CAMK4;ARHGEF7;PDPK1;CAMKK1;RASGRF2;NRGN;PRKAG2;GRIN2B;LRRC7;CAMK2G;CAMK2B;PRKAR1B;RASGRF1;MAPT;MAPK1;ACTN2;NEFL;CALM1,Neuron,region_SC,reactome
prerank,Cellular Response To Heat Stress R-HSA-3371556,-0.6561858629281724,-2.10119465426735,0.0,0.03068231203824424,0.014,12/24,13.89%,HSPA4L;HSPH1;PTGES3;HSPA8;HSP90AB1;CRYAB;HSPA1A;HSP90AA1;EEF1A1;CAMK2D;UBB;HSPA5,Oligodendrocyte,global_condition,reactome
prerank,Myc Targets V1,-0.5592968436065672,-2.1242934408428744,0.0,0.005116629044394282,0.002002002002002002,9/26,13.08%,VDAC1;HNRNPA3;HNRNPU;HNRNPA2B1;SLC25A3;PGK1;CUL1;HNRNPC;RAN,Oligodendrocyte,region_MCX,hallmark
prerank,Potassium Channels R-HSA-1296071,-0.614518473872835,-2.136512122974364,0.0,0.005242234939495872,0.016,14/28,13.66%,KCNB1;GABBR2;KCNAB1;HCN1;KCNMB4;KCNC2;KCNQ5;KCNAB2;KCNK1;KCNA1;KCNA2;GNB5;KCND3;KCNQ3,Neuron,region_SC,reactome
prerank,mTORC1 Signaling,-0.5414652582605315,-2.1511167023772084,0.0,0.0008299542339522421,0.001,21/42,20.95%,ELOVL5;UBE2D3;SKAP2;HMGCS1;SCD;ELOVL6;HSPA5;HPRT1;TXNRD1;HSP90B1;CANX;PPIA;ATP2A2;ACSL3;GAPDH;RAB1A;TPI1;PGK1;MLLT11;PPA1;QDPR,Neuron,global_condition,hallmark
prerank,Transmission Across Chemical Synapses R-HSA-112315,-0.4807507963116079,-2.1745926829007094,0.0,0.0034948232929972478,0.008,59/111,24.03%,GABRB2;SYT1;GABBR2;ADCY2;GABRA1;PRKCB;GRIN2A;SLC17A7;CACNG3;PRKAR2B;CAMK2A;GABRA4;CAMKK2;PLCB1;ADCY1;CAMK4;STXBP1;ARHGEF7;GABRG2;SYN2;PDPK1;CAMKK1;RASGRF2;NRGN;GABRB3;PRKAG2;CACNB2;GRIN2B;GNB5;LRRC7;CACNA1B;CACNA2D3;CPLX1;NSF;NCALD;SYN3;SYN1;CAMK2G;CAMK2B;PRKAR1B;RASGRF1;MAPT;KCNJ3;MAPK1;CACNG8;SNAP25;ARHGEF9;NPTN;LIN7A;GABRA2;ACTN2;RAB3A;GLRB;NEFL;EPB41L1;CALM1;GRIA3;ADCY9;AP2M1,Neuron,region_SC,reactome
prerank,Regulation Of HSF1-mediated Heat Shock Response R-HSA-3371453,-0.795699434753734,-2.1861637760130814,0.0,0.004853388226827761,0.007,7/13,6.75%,HSPH1;DNAJB6;HSPA5;HSPA1A;HSPA12A;HSPA4L;UBB,Astrocyte,global_condition,reactome
prerank,HSF1-dependent Transactivation R-HSA-3371571,-0.7588961642676968,-2.1913332321413166,0.0,0.005824065872193313,0.006,9/15,6.75%,HSPH1;PTGES3;HSP90AA1;CRYAB;HSP90AB1;DNAJB6;HSPA1A;CAMK2D;UBB,Astrocyte,global_condition,reactome
prerank,Post-translational Modification: Synthesis Of GPI-anchored Proteins R-HSA-163125,-0.8088297784143996,-2.2100669211422863,0.0,0.0029899758036640166,0.004,7/12,4.99%,MDGA2;LSAMP;NTM;OPCML;CNTN4;THY1;PGAP1,Endothelial,interaction_MCX,reactome
prerank,Neurotransmitter Receptors And Postsynaptic Signal Transmission R-HSA-112314,-0.5310773770843898,-2.2416625719756307,0.0,0.0015726704818487616,0.003,47/80,24.03%,GABRB2;GABBR2;ADCY2;GABRA1;PRKCB;GRIN2A;CACNG3;PRKAR2B;CAMK2A;GABRA4;CAMKK2;PLCB1;ADCY1;CAMK4;ARHGEF7;GABRG2;PDPK1;CAMKK1;RASGRF2;NRGN;GABRB3;PRKAG2;GRIN2B;GNB5;LRRC7;NSF;NCALD;CAMK2G;CAMK2B;PRKAR1B;RASGRF1;MAPT;KCNJ3;MAPK1;CACNG8;ARHGEF9;NPTN;LIN7A;GABRA2;ACTN2;GLRB;NEFL;EPB41L1;CALM1;GRIA3;ADCY9;AP2M1,Neuron,region_SC,reactome
prerank,Regulation Of Lipid Metabolism By PPARalpha R-HSA-400206,-0.6997979193429893,-2.2736035896761098,0.0,0.0011511453896627143,0.002,14/26,19.50%,TXNRD1;RORA;NCOR2;TBL1X;NPAS2;FAM120B;NRF1;SREBF2;ABCA1;NCOR1;CREBBP;TIAM2;CDK8;NCOA2,Pericyte,region_FX,reactome
prerank,PPARA Activates Gene Expression R-HSA-1989781,-0.6997979193429893,-2.2736035896761098,0.0,0.0011511453896627143,0.002,14/26,19.50%,TXNRD1;RORA;NCOR2;TBL1X;NPAS2;FAM120B;NRF1;SREBF2;ABCA1;NCOR1;CREBBP;TIAM2;CDK8;NCOA2,Pericyte,region_FX,reactome
prerank,Cellular Response To Heat Stress R-HSA-3371556,-0.747246556417496,-2.4063576892086127,0.0,0.0,0.0,12/24,6.75%,HSPH1;PTGES3;HSP90AA1;CRYAB;HSP90AB1;DNAJB6;HSPA5;HSPA1A;HSPA12A;HSPA4L;CAMK2D;UBB,Astrocyte,global_condition,reactome
prerank,Neuronal System R-HSA-112316,-0.505262213938133,-2.421345166877487,0.0,0.0,0.0,89/164,24.03%,GABRB2;KCNB1;SYT1;GABBR2;ADCY2;GABRA1;PRKCB;GRIN2A;KCNAB1;DLGAP2;SLC17A7;CACNG3;PRKAR2B;CAMK2A;HCN1;GABRA4;CAMKK2;KCNMB4;SIPA1L1;PLCB1;ADCY1;KCNC2;HOMER1;KCNQ5;CAMK4;LRFN2;KCNAB2;STXBP1;SYT7;ARHGEF7;GABRG2;SYN2;PDPK1;CAMKK1;KCNK1;RASGRF2;NRGN;GABRB3;PRKAG2;CACNB2;GRIN2B;PPFIBP1;SLITRK4;KCNA1;NRXN3;DLGAP1;KCNA2;SHANK2;GNB5;LRRC7;CACNA1B;CACNA2D3;KCND3;CPLX1;KCNQ3;SLITRK5;IL1RAPL2;NSF;NCALD;EPB41L2;SYN3;SYN1;CAMK2G;CAMK2B;PRKAR1B;RASGRF1;MAPT;EPB41L3;LRRTM4;KCNJ3;MAPK1;KCNC1;CACNG8;SNAP25;DLGAP4;ARHGEF9;NPTN;APBA2;LIN7A;GABRA2;ACTN2;RAB3A;GLRB;NEFL;EPB41L1;CALM1;GRIA3;ADCY9;AP2M1,Neuron,region_SC,reactome
prerank,Oxidative Phosphorylation,-0.6493663618963723,-2.5564210493984247,0.0,0.0,0.0,28/41,23.15%,MTX2;OPA1;NDUFA5;PDP1;ATP6V1G1;NDUFS1;ATP1B1;ATP5MC3;UQCRB;CYCS;VDAC3;NDUFA4;ATP6V1H;MDH1;ATP6V1F;VDAC1;LDHB;ATP5F1B;COX4I1;ATP5F1A;ISCU;MGST3;RHOT1;UQCRH;SLC25A3;ATP6V1E1;ATP6V0B;SLC25A4,Neuron,global_condition,hallmark
